,pennystocks,RobinHoodPennyStocks,Daytrading,StockMarket,stocks,investing,wallstreetbets
AEC,"{'Score': 17, 'Mention': 2, 'Subreddit': 'pennystocks'}",,,,,,
PFAS,"{'Score': 17, 'Mention': 2, 'Subreddit': 'pennystocks'}",,,,,,
USMJ,"{'Score': 6, 'Mention': 1, 'Subreddit': 'pennystocks'}",,,,,,
SIML,"{'Score': 5, 'Mention': 1, 'Subreddit': 'pennystocks'}",,,,,,
DTGI,"{'Score': 6, 'Mention': 1, 'Subreddit': 'pennystocks'}",,,,,,
OTC,"{'Score': 600, 'Mention': 17, 'Subreddit': 'pennystocks'}",,"{'Score': 9, 'Mention': 2, 'Subreddit': 'Daytrading'}","{'Score': 30, 'Mention': 2, 'Subreddit': 'StockMarket'}","{'Score': 5, 'Mention': 1, 'Subreddit': 'stocks'}",,"{'Score': 17, 'Mention': 1, 'Subreddit': 'wallstreetbets'}"
CEO,"{'Score': 660, 'Mention': 24, 'Subreddit': 'pennystocks'}","{'Score': 63, 'Mention': 3, 'Subreddit': 'RobinHoodPennyStocks'}",,"{'Score': 13, 'Mention': 2, 'Subreddit': 'StockMarket'}","{'Score': 578, 'Mention': 6, 'Subreddit': 'stocks'}","{'Score': 27, 'Mention': 2, 'Subreddit': 'investing'}","{'Score': 426, 'Mention': 6, 'Subreddit': 'wallstreetbets'}"
GSFI,"{'Score': 5, 'Mention': 1, 'Subreddit': 'pennystocks'}",,,,,,
FINRA,"{'Score': 17, 'Mention': 2, 'Subreddit': 'pennystocks'}",,,"{'Score': 7, 'Mention': 1, 'Subreddit': 'StockMarket'}",,,"{'Score': 1119, 'Mention': 1, 'Subreddit': 'wallstreetbets'}"
HOFV,"{'Score': 20, 'Mention': 2, 'Subreddit': 'pennystocks'}",,,,"{'Score': 7, 'Mention': 1, 'Subreddit': 'stocks'}",,
NFL,"{'Score': 25, 'Mention': 3, 'Subreddit': 'pennystocks'}",,,,"{'Score': 27, 'Mention': 2, 'Subreddit': 'stocks'}",,
NASA,"{'Score': 11, 'Mention': 1, 'Subreddit': 'pennystocks'}",,,,"{'Score': 34, 'Mention': 1, 'Subreddit': 'stocks'}",,"{'Score': 126, 'Mention': 2, 'Subreddit': 'wallstreetbets'}"
ABML,"{'Score': 26, 'Mention': 2, 'Subreddit': 'pennystocks'}",,,,,,
CRI,"{'Score': 11, 'Mention': 1, 'Subreddit': 'pennystocks'}",,,,,,
NEWS,"{'Score': 89, 'Mention': 4, 'Subreddit': 'pennystocks'}",,,,,,
DNN,"{'Score': 43, 'Mention': 2, 'Subreddit': 'pennystocks'}",,,,,,
HUGE,"{'Score': 25, 'Mention': 2, 'Subreddit': 'pennystocks'}",,,,"{'Score': 26, 'Mention': 2, 'Subreddit': 'stocks'}",,"{'Score': 65, 'Mention': 1, 'Subreddit': 'wallstreetbets'}"
FUEL,"{'Score': 7, 'Mention': 1, 'Subreddit': 'pennystocks'}",,,,"{'Score': 31, 'Mention': 1, 'Subreddit': 'stocks'}",,
OTT,"{'Score': 15, 'Mention': 2, 'Subreddit': 'pennystocks'}",,,,,,
CIDM,"{'Score': 133, 'Mention': 4, 'Subreddit': 'pennystocks'}","{'Score': 6, 'Mention': 1, 'Subreddit': 'RobinHoodPennyStocks'}",,,,,
CONTV-CO,"{'Score': 7, 'Mention': 1, 'Subreddit': 'pennystocks'}",,,,,,
THETA,"{'Score': 7, 'Mention': 1, 'Subreddit': 'pennystocks'}",,,,,,
CDN,"{'Score': 20, 'Mention': 2, 'Subreddit': 'pennystocks'}",,,,,,
TFUEL,"{'Score': 7, 'Mention': 1, 'Subreddit': 'pennystocks'}",,,,,,
GFUEL,"{'Score': 7, 'Mention': 1, 'Subreddit': 'pennystocks'}",,,,,,
SVP,"{'Score': 7, 'Mention': 1, 'Subreddit': 'pennystocks'}",,,,,,
LOS,"{'Score': 7, 'Mention': 1, 'Subreddit': 'pennystocks'}",,,,,,
IND,"{'Score': 355, 'Mention': 2, 'Subreddit': 'pennystocks'}",,,,,,
PMCB,"{'Score': 7, 'Mention': 1, 'Subreddit': 'pennystocks'}",,,,,,
FDA,"{'Score': 425, 'Mention': 6, 'Subreddit': 'pennystocks'}",,"{'Score': 80, 'Mention': 1, 'Subreddit': 'Daytrading'}","{'Score': 15, 'Mention': 2, 'Subreddit': 'StockMarket'}","{'Score': 19, 'Mention': 2, 'Subreddit': 'stocks'}",,
INC,"{'Score': 28, 'Mention': 3, 'Subreddit': 'pennystocks'}",,,,"{'Score': 31, 'Mention': 1, 'Subreddit': 'stocks'}",,"{'Score': 24, 'Mention': 1, 'Subreddit': 'wallstreetbets'}"
AWS,"{'Score': 6, 'Mention': 1, 'Subreddit': 'pennystocks'}",,,,"{'Score': 120, 'Mention': 1, 'Subreddit': 'stocks'}",,"{'Score': 27, 'Mention': 1, 'Subreddit': 'wallstreetbets'}"
SWISF,"{'Score': 6, 'Mention': 1, 'Subreddit': 'pennystocks'}",,,,,,
AMX,"{'Score': 6, 'Mention': 1, 'Subreddit': 'pennystocks'}",,,,,,
SWIS,"{'Score': 6, 'Mention': 1, 'Subreddit': 'pennystocks'}",,,,,,
FADP,"{'Score': 6, 'Mention': 1, 'Subreddit': 'pennystocks'}",,,,,,
NYSE,"{'Score': 66, 'Mention': 5, 'Subreddit': 'pennystocks'}","{'Score': 10, 'Mention': 1, 'Subreddit': 'RobinHoodPennyStocks'}",,"{'Score': 24, 'Mention': 1, 'Subreddit': 'StockMarket'}","{'Score': 111, 'Mention': 4, 'Subreddit': 'stocks'}",,
GDT,"{'Score': 6, 'Mention': 1, 'Subreddit': 'pennystocks'}",,,,,,
OTCQB,"{'Score': 126, 'Mention': 10, 'Subreddit': 'pennystocks'}",,,"{'Score': 24, 'Mention': 1, 'Subreddit': 'StockMarket'}",,,
DFCO,"{'Score': 5, 'Mention': 1, 'Subreddit': 'pennystocks'}",,,,,,
NOT,"{'Score': 46, 'Mention': 3, 'Subreddit': 'pennystocks'}","{'Score': 6, 'Mention': 1, 'Subreddit': 'RobinHoodPennyStocks'}","{'Score': 122, 'Mention': 1, 'Subreddit': 'Daytrading'}","{'Score': 31, 'Mention': 4, 'Subreddit': 'StockMarket'}","{'Score': 4, 'Mention': 1, 'Subreddit': 'stocks'}",,"{'Score': 160, 'Mention': 5, 'Subreddit': 'wallstreetbets'}"
LLC,"{'Score': 480, 'Mention': 4, 'Subreddit': 'pennystocks'}",,,"{'Score': 5, 'Mention': 1, 'Subreddit': 'StockMarket'}",,,
ETFM,"{'Score': 24, 'Mention': 1, 'Subreddit': 'pennystocks'}",,,,,,
LED,"{'Score': 24, 'Mention': 1, 'Subreddit': 'pennystocks'}",,,,,,
FREE,"{'Score': 31, 'Mention': 2, 'Subreddit': 'pennystocks'}",,,,,,"{'Score': 45, 'Mention': 1, 'Subreddit': 'wallstreetbets'}"
BRIO,"{'Score': 24, 'Mention': 1, 'Subreddit': 'pennystocks'}",,,,,,
CLEAR,"{'Score': 24, 'Mention': 1, 'Subreddit': 'pennystocks'}",,,,,,
CORP,"{'Score': 24, 'Mention': 1, 'Subreddit': 'pennystocks'}",,,,,,
HOUR,"{'Score': 24, 'Mention': 1, 'Subreddit': 'pennystocks'}",,,,,,
SEC,"{'Score': 162, 'Mention': 5, 'Subreddit': 'pennystocks'}","{'Score': 10, 'Mention': 1, 'Subreddit': 'RobinHoodPennyStocks'}",,"{'Score': 11, 'Mention': 2, 'Subreddit': 'StockMarket'}","{'Score': 521, 'Mention': 7, 'Subreddit': 'stocks'}",,"{'Score': 1931, 'Mention': 3, 'Subreddit': 'wallstreetbets'}"
FOMO,"{'Score': 24, 'Mention': 1, 'Subreddit': 'pennystocks'}",,,"{'Score': 17, 'Mention': 1, 'Subreddit': 'StockMarket'}","{'Score': 4, 'Mention': 1, 'Subreddit': 'stocks'}",,"{'Score': 58, 'Mention': 1, 'Subreddit': 'wallstreetbets'}"
EOY,"{'Score': 24, 'Mention': 1, 'Subreddit': 'pennystocks'}",,,,"{'Score': 20, 'Mention': 1, 'Subreddit': 'stocks'}",,"{'Score': 71, 'Mention': 2, 'Subreddit': 'wallstreetbets'}"
HVAC,"{'Score': 24, 'Mention': 1, 'Subreddit': 'pennystocks'}",,,,,,
CFO,"{'Score': 78, 'Mention': 3, 'Subreddit': 'pennystocks'}",,,,,"{'Score': 13, 'Mention': 1, 'Subreddit': 'investing'}","{'Score': 71, 'Mention': 1, 'Subreddit': 'wallstreetbets'}"
INIS,"{'Score': 7, 'Mention': 1, 'Subreddit': 'pennystocks'}",,,,,,
LOI,"{'Score': 39, 'Mention': 3, 'Subreddit': 'pennystocks'}",,,,,,
SGMD,"{'Score': 14, 'Mention': 1, 'Subreddit': 'pennystocks'}",,,,,,
ATDS,"{'Score': 6, 'Mention': 1, 'Subreddit': 'pennystocks'}",,,,,,
SOS,"{'Score': 32, 'Mention': 1, 'Subreddit': 'pennystocks'}",,,"{'Score': 6, 'Mention': 1, 'Subreddit': 'StockMarket'}",,,
NFT,"{'Score': 82, 'Mention': 7, 'Subreddit': 'pennystocks'}","{'Score': 10, 'Mention': 1, 'Subreddit': 'RobinHoodPennyStocks'}",,,,"{'Score': 13, 'Mention': 1, 'Subreddit': 'investing'}","{'Score': 63, 'Mention': 2, 'Subreddit': 'wallstreetbets'}"
FNKO,"{'Score': 6, 'Mention': 1, 'Subreddit': 'pennystocks'}",,"{'Score': 44, 'Mention': 2, 'Subreddit': 'Daytrading'}",,,,
HITIF,"{'Score': 532, 'Mention': 4, 'Subreddit': 'pennystocks'}",,,,,,
EEENF,"{'Score': 657, 'Mention': 5, 'Subreddit': 'pennystocks'}",,,"{'Score': 29, 'Mention': 1, 'Subreddit': 'StockMarket'}","{'Score': 8, 'Mention': 1, 'Subreddit': 'stocks'}",,
VST-CN,"{'Score': 4, 'Mention': 1, 'Subreddit': 'pennystocks'}",,,,,,
VSQTF,"{'Score': 4, 'Mention': 1, 'Subreddit': 'pennystocks'}",,,,,,
MEG,"{'Score': 10, 'Mention': 1, 'Subreddit': 'pennystocks'}",,,,,,
IDEX,"{'Score': 48, 'Mention': 4, 'Subreddit': 'pennystocks'}",,"{'Score': 41, 'Mention': 2, 'Subreddit': 'Daytrading'}",,,,
WAVE,"{'Score': 10, 'Mention': 1, 'Subreddit': 'pennystocks'}",,,,,,
COVID,"{'Score': 467, 'Mention': 8, 'Subreddit': 'pennystocks'}",,"{'Score': 80, 'Mention': 1, 'Subreddit': 'Daytrading'}","{'Score': 16, 'Mention': 2, 'Subreddit': 'StockMarket'}","{'Score': 260, 'Mention': 6, 'Subreddit': 'stocks'}",,"{'Score': 279, 'Mention': 6, 'Subreddit': 'wallstreetbets'}"
BYD,"{'Score': 10, 'Mention': 1, 'Subreddit': 'pennystocks'}",,,,,,
FRA,"{'Score': 56, 'Mention': 3, 'Subreddit': 'pennystocks'}",,,,,,
TSX-V,"{'Score': 4, 'Mention': 1, 'Subreddit': 'pennystocks'}",,,,,,
BGADF,"{'Score': 4, 'Mention': 1, 'Subreddit': 'pennystocks'}",,,,,,
BRG,"{'Score': 4, 'Mention': 1, 'Subreddit': 'pennystocks'}",,,,,,
PINK,"{'Score': 9, 'Mention': 2, 'Subreddit': 'pennystocks'}",,,"{'Score': 5, 'Mention': 1, 'Subreddit': 'StockMarket'}",,,
PTN,"{'Score': 5, 'Mention': 1, 'Subreddit': 'pennystocks'}",,,,,,
SNH,"{'Score': 4, 'Mention': 1, 'Subreddit': 'pennystocks'}",,,,,,
TBLT,"{'Score': 16, 'Mention': 1, 'Subreddit': 'pennystocks'}",,,,,,
IMO,"{'Score': 63, 'Mention': 2, 'Subreddit': 'pennystocks'}",,"{'Score': 8, 'Mention': 1, 'Subreddit': 'Daytrading'}",,"{'Score': 178, 'Mention': 4, 'Subreddit': 'stocks'}",,"{'Score': 437, 'Mention': 2, 'Subreddit': 'wallstreetbets'}"
IBKR,"{'Score': 5, 'Mention': 1, 'Subreddit': 'pennystocks'}",,,,,,
USRM,"{'Score': 5, 'Mention': 1, 'Subreddit': 'pennystocks'}",,,,,,
CAGE,"{'Score': 7, 'Mention': 1, 'Subreddit': 'pennystocks'}",,,,,,
TAUG,"{'Score': 7, 'Mention': 1, 'Subreddit': 'pennystocks'}",,,,,,
CBG,"{'Score': 7, 'Mention': 1, 'Subreddit': 'pennystocks'}",,,,,,
NEW,"{'Score': 19, 'Mention': 2, 'Subreddit': 'pennystocks'}",,,"{'Score': 24, 'Mention': 1, 'Subreddit': 'StockMarket'}","{'Score': 31, 'Mention': 1, 'Subreddit': 'stocks'}",,"{'Score': 20, 'Mention': 1, 'Subreddit': 'wallstreetbets'}"
GLOBE,"{'Score': 63, 'Mention': 6, 'Subreddit': 'pennystocks'}",,,,,,
YORK,"{'Score': 7, 'Mention': 1, 'Subreddit': 'pennystocks'}",,,"{'Score': 24, 'Mention': 1, 'Subreddit': 'StockMarket'}",,,
CODE,"{'Score': 7, 'Mention': 1, 'Subreddit': 'pennystocks'}",,,,,,
CBD,"{'Score': 7, 'Mention': 1, 'Subreddit': 'pennystocks'}",,,"{'Score': 5, 'Mention': 1, 'Subreddit': 'StockMarket'}","{'Score': 6, 'Mention': 1, 'Subreddit': 'stocks'}",,
ALL,"{'Score': 19, 'Mention': 2, 'Subreddit': 'pennystocks'}",,"{'Score': 326, 'Mention': 1, 'Subreddit': 'Daytrading'}","{'Score': 5, 'Mention': 1, 'Subreddit': 'StockMarket'}","{'Score': 11, 'Mention': 1, 'Subreddit': 'stocks'}",,"{'Score': 1038, 'Mention': 4, 'Subreddit': 'wallstreetbets'}"
USD,"{'Score': 202, 'Mention': 8, 'Subreddit': 'pennystocks'}",,"{'Score': 5, 'Mention': 1, 'Subreddit': 'Daytrading'}","{'Score': 21, 'Mention': 3, 'Subreddit': 'StockMarket'}","{'Score': 38, 'Mention': 2, 'Subreddit': 'stocks'}","{'Score': 19, 'Mention': 1, 'Subreddit': 'investing'}","{'Score': 54, 'Mention': 2, 'Subreddit': 'wallstreetbets'}"
WSFT,"{'Score': 153, 'Mention': 3, 'Subreddit': 'pennystocks'}",,,"{'Score': 25, 'Mention': 1, 'Subreddit': 'StockMarket'}",,,
SEM,"{'Score': 9, 'Mention': 1, 'Subreddit': 'pennystocks'}",,,,,,
KPI,"{'Score': 9, 'Mention': 1, 'Subreddit': 'pennystocks'}",,,,,,
SEO,"{'Score': 9, 'Mention': 1, 'Subreddit': 'pennystocks'}",,,,,,
BUY,"{'Score': 13, 'Mention': 2, 'Subreddit': 'pennystocks'}","{'Score': 4, 'Mention': 1, 'Subreddit': 'RobinHoodPennyStocks'}",,"{'Score': 17, 'Mention': 1, 'Subreddit': 'StockMarket'}","{'Score': 6, 'Mention': 1, 'Subreddit': 'stocks'}",,"{'Score': 49, 'Mention': 2, 'Subreddit': 'wallstreetbets'}"
DOES,"{'Score': 15, 'Mention': 1, 'Subreddit': 'pennystocks'}",,,,,,"{'Score': 11, 'Mention': 1, 'Subreddit': 'wallstreetbets'}"
MLB,"{'Score': 9, 'Mention': 1, 'Subreddit': 'pennystocks'}",,,,,,
USL,"{'Score': 9, 'Mention': 1, 'Subreddit': 'pennystocks'}",,,,,,
NHL,"{'Score': 9, 'Mention': 1, 'Subreddit': 'pennystocks'}",,,,,"{'Score': 5, 'Mention': 1, 'Subreddit': 'investing'}",
DFB,"{'Score': 9, 'Mention': 1, 'Subreddit': 'pennystocks'}",,,,,,
USA,"{'Score': 42, 'Mention': 4, 'Subreddit': 'pennystocks'}","{'Score': 9, 'Mention': 1, 'Subreddit': 'RobinHoodPennyStocks'}",,"{'Score': 10, 'Mention': 1, 'Subreddit': 'StockMarket'}","{'Score': 31, 'Mention': 2, 'Subreddit': 'stocks'}",,
CSE,"{'Score': 24, 'Mention': 3, 'Subreddit': 'pennystocks'}",,,,,,
ICC,"{'Score': 9, 'Mention': 1, 'Subreddit': 'pennystocks'}",,,,,,
ERIE,"{'Score': 9, 'Mention': 1, 'Subreddit': 'pennystocks'}",,,,,,
IPNFF,"{'Score': 9, 'Mention': 1, 'Subreddit': 'pennystocks'}",,,,,,
MLS,"{'Score': 20, 'Mention': 2, 'Subreddit': 'pennystocks'}",,,,,,
HYPE,"{'Score': 9, 'Mention': 1, 'Subreddit': 'pennystocks'}",,,,,,
DML,"{'Score': 28, 'Mention': 1, 'Subreddit': 'pennystocks'}",,,,,,
PDF,"{'Score': 47, 'Mention': 3, 'Subreddit': 'pennystocks'}",,,,,,
TSX,"{'Score': 108, 'Mention': 5, 'Subreddit': 'pennystocks'}",,,,"{'Score': 5, 'Mention': 1, 'Subreddit': 'stocks'}",,
CAD,"{'Score': 34, 'Mention': 2, 'Subreddit': 'pennystocks'}",,"{'Score': 5, 'Mention': 1, 'Subreddit': 'Daytrading'}","{'Score': 4, 'Mention': 1, 'Subreddit': 'StockMarket'}","{'Score': 35, 'Mention': 2, 'Subreddit': 'stocks'}",,"{'Score': 12, 'Mention': 1, 'Subreddit': 'wallstreetbets'}"
ATNF,"{'Score': 4, 'Mention': 1, 'Subreddit': 'pennystocks'}",,,,,,
HSSHF,"{'Score': 7, 'Mention': 1, 'Subreddit': 'pennystocks'}",,,,,,
BTC,"{'Score': 7, 'Mention': 1, 'Subreddit': 'pennystocks'}",,"{'Score': 7, 'Mention': 1, 'Subreddit': 'Daytrading'}","{'Score': 6, 'Mention': 1, 'Subreddit': 'StockMarket'}",,"{'Score': 9, 'Mention': 1, 'Subreddit': 'investing'}",
TSXV,"{'Score': 63, 'Mention': 3, 'Subreddit': 'pennystocks'}",,,,,,
DGHI,"{'Score': 7, 'Mention': 1, 'Subreddit': 'pennystocks'}",,,,,,
ATM,"{'Score': 19, 'Mention': 1, 'Subreddit': 'pennystocks'}",,,,"{'Score': 18, 'Mention': 2, 'Subreddit': 'stocks'}",,
AGEN,"{'Score': 19, 'Mention': 1, 'Subreddit': 'pennystocks'}",,,,,,
DEEP,"{'Score': 19, 'Mention': 1, 'Subreddit': 'pennystocks'}",,,,,,"{'Score': 425, 'Mention': 1, 'Subreddit': 'wallstreetbets'}"
THE,"{'Score': 433, 'Mention': 8, 'Subreddit': 'pennystocks'}",,,"{'Score': 14, 'Mention': 3, 'Subreddit': 'StockMarket'}","{'Score': 108, 'Mention': 1, 'Subreddit': 'stocks'}",,"{'Score': 6464, 'Mention': 8, 'Subreddit': 'wallstreetbets'}"
GRR,"{'Score': 12, 'Mention': 1, 'Subreddit': 'pennystocks'}",,,,,,
GTII,"{'Score': 12, 'Mention': 1, 'Subreddit': 'pennystocks'}",,,,,,
DTCC,"{'Score': 12, 'Mention': 1, 'Subreddit': 'pennystocks'}",,,"{'Score': 6, 'Mention': 1, 'Subreddit': 'StockMarket'}","{'Score': 11, 'Mention': 1, 'Subreddit': 'stocks'}",,
BOARD,"{'Score': 21, 'Mention': 2, 'Subreddit': 'pennystocks'}",,,,,,
GROUP,"{'Score': 12, 'Mention': 1, 'Subreddit': 'pennystocks'}",,,"{'Score': 4, 'Mention': 1, 'Subreddit': 'StockMarket'}",,,
EYE,"{'Score': 12, 'Mention': 1, 'Subreddit': 'pennystocks'}",,,,,,
ROTH,"{'Score': 12, 'Mention': 1, 'Subreddit': 'pennystocks'}",,,,"{'Score': 6, 'Mention': 1, 'Subreddit': 'stocks'}",,
DEBT,"{'Score': 12, 'Mention': 1, 'Subreddit': 'pennystocks'}",,,,,,
EOD,"{'Score': 12, 'Mention': 1, 'Subreddit': 'pennystocks'}",,,,,,
UNTIL,"{'Score': 12, 'Mention': 1, 'Subreddit': 'pennystocks'}",,,,,,
TDA,"{'Score': 12, 'Mention': 1, 'Subreddit': 'pennystocks'}",,,,,,
CARE,"{'Score': 12, 'Mention': 1, 'Subreddit': 'pennystocks'}",,,,,,
ART,"{'Score': 12, 'Mention': 1, 'Subreddit': 'pennystocks'}",,,,,,
HIPAA,"{'Score': 12, 'Mention': 1, 'Subreddit': 'pennystocks'}",,,,,,
GOLD,"{'Score': 12, 'Mention': 1, 'Subreddit': 'pennystocks'}",,,"{'Score': 6, 'Mention': 1, 'Subreddit': 'StockMarket'}",,,
FOR,"{'Score': 12, 'Mention': 1, 'Subreddit': 'pennystocks'}",,,"{'Score': 24, 'Mention': 1, 'Subreddit': 'StockMarket'}",,,
TECH,"{'Score': 12, 'Mention': 1, 'Subreddit': 'pennystocks'}",,,,"{'Score': 51, 'Mention': 2, 'Subreddit': 'stocks'}",,
WITH,"{'Score': 12, 'Mention': 1, 'Subreddit': 'pennystocks'}",,,,,,
WORLD,"{'Score': 12, 'Mention': 1, 'Subreddit': 'pennystocks'}",,,"{'Score': 5, 'Mention': 1, 'Subreddit': 'StockMarket'}",,,"{'Score': 20, 'Mention': 1, 'Subreddit': 'wallstreetbets'}"
WIN,"{'Score': 12, 'Mention': 1, 'Subreddit': 'pennystocks'}",,,,,,
GTI,"{'Score': 12, 'Mention': 1, 'Subreddit': 'pennystocks'}",,,,,,
BRONX,"{'Score': 12, 'Mention': 1, 'Subreddit': 'pennystocks'}",,,,,,
SIGN,"{'Score': 12, 'Mention': 1, 'Subreddit': 'pennystocks'}",,,,,,
YEAR,"{'Score': 12, 'Mention': 1, 'Subreddit': 'pennystocks'}",,,,,,
FTD,"{'Score': 12, 'Mention': 1, 'Subreddit': 'pennystocks'}",,,,,,
OTHER,"{'Score': 12, 'Mention': 1, 'Subreddit': 'pennystocks'}",,,,,,"{'Score': 20, 'Mention': 1, 'Subreddit': 'wallstreetbets'}"
WHY,"{'Score': 12, 'Mention': 1, 'Subreddit': 'pennystocks'}",,,,"{'Score': 7, 'Mention': 1, 'Subreddit': 'stocks'}",,"{'Score': 45, 'Mention': 1, 'Subreddit': 'wallstreetbets'}"
STOCK,"{'Score': 12, 'Mention': 1, 'Subreddit': 'pennystocks'}",,,"{'Score': 16, 'Mention': 3, 'Subreddit': 'StockMarket'}",,,"{'Score': 301, 'Mention': 1, 'Subreddit': 'wallstreetbets'}"
DMCC,"{'Score': 12, 'Mention': 1, 'Subreddit': 'pennystocks'}",,,,,,
MOVE,"{'Score': 12, 'Mention': 1, 'Subreddit': 'pennystocks'}",,,,,,
AND,"{'Score': 35, 'Mention': 4, 'Subreddit': 'pennystocks'}",,,"{'Score': 5, 'Mention': 1, 'Subreddit': 'StockMarket'}",,,"{'Score': 152, 'Mention': 4, 'Subreddit': 'wallstreetbets'}"
DOE,"{'Score': 15, 'Mention': 1, 'Subreddit': 'pennystocks'}",,,"{'Score': 29, 'Mention': 1, 'Subreddit': 'StockMarket'}",,,
XXXX,"{'Score': 34, 'Mention': 2, 'Subreddit': 'pennystocks'}",,,,,,
ZERO,"{'Score': 78, 'Mention': 3, 'Subreddit': 'pennystocks'}",,,,,,
AML,"{'Score': 11, 'Mention': 1, 'Subreddit': 'pennystocks'}",,,,,,
DMGGF,"{'Score': 11, 'Mention': 1, 'Subreddit': 'pennystocks'}",,,,,,
COO,"{'Score': 11, 'Mention': 1, 'Subreddit': 'pennystocks'}",,,"{'Score': 10, 'Mention': 1, 'Subreddit': 'StockMarket'}","{'Score': 424, 'Mention': 1, 'Subreddit': 'stocks'}",,
DMG,"{'Score': 11, 'Mention': 1, 'Subreddit': 'pennystocks'}",,,,,,
MARA,"{'Score': 19, 'Mention': 2, 'Subreddit': 'pennystocks'}",,,"{'Score': 6, 'Mention': 1, 'Subreddit': 'StockMarket'}",,"{'Score': 15, 'Mention': 1, 'Subreddit': 'investing'}",
DMGI,"{'Score': 11, 'Mention': 1, 'Subreddit': 'pennystocks'}",,,,,,
OFAC,"{'Score': 11, 'Mention': 1, 'Subreddit': 'pennystocks'}",,,,,,
DCMNA,"{'Score': 11, 'Mention': 1, 'Subreddit': 'pennystocks'}",,,,,,
DLOC,"{'Score': 6, 'Mention': 1, 'Subreddit': 'pennystocks'}",,,,,,
CRHCF,"{'Score': 95, 'Mention': 1, 'Subreddit': 'pennystocks'}",,,,,,
MLM,"{'Score': 95, 'Mention': 1, 'Subreddit': 'pennystocks'}",,,,,,
SND,"{'Score': 95, 'Mention': 1, 'Subreddit': 'pennystocks'}",,,,,,
SAND,"{'Score': 95, 'Mention': 1, 'Subreddit': 'pennystocks'}",,,,,,
MLMZF,"{'Score': 95, 'Mention': 1, 'Subreddit': 'pennystocks'}",,,,,,
BXRDF,"{'Score': 95, 'Mention': 1, 'Subreddit': 'pennystocks'}",,,,,,
SLCA,"{'Score': 95, 'Mention': 1, 'Subreddit': 'pennystocks'}",,,,,,
CHINA,"{'Score': 95, 'Mention': 1, 'Subreddit': 'pennystocks'}",,,,,,
HCMLF,"{'Score': 95, 'Mention': 1, 'Subreddit': 'pennystocks'}",,,,,,
PRICE,"{'Score': 95, 'Mention': 1, 'Subreddit': 'pennystocks'}",,,,,,"{'Score': 425, 'Mention': 1, 'Subreddit': 'wallstreetbets'}"
IPO,"{'Score': 28, 'Mention': 1, 'Subreddit': 'pennystocks'}",,,"{'Score': 115, 'Mention': 4, 'Subreddit': 'StockMarket'}","{'Score': 54, 'Mention': 5, 'Subreddit': 'stocks'}",,"{'Score': 5957, 'Mention': 6, 'Subreddit': 'wallstreetbets'}"
MBRX,"{'Score': 7, 'Mention': 1, 'Subreddit': 'pennystocks'}",,,,,,
FULL,"{'Score': 513, 'Mention': 1, 'Subreddit': 'pennystocks'}",,,,,,
META,"{'Score': 513, 'Mention': 1, 'Subreddit': 'pennystocks'}",,,,,,
PRO,"{'Score': 29, 'Mention': 1, 'Subreddit': 'pennystocks'}",,,"{'Score': 17, 'Mention': 1, 'Subreddit': 'StockMarket'}",,,
IRS,"{'Score': 29, 'Mention': 1, 'Subreddit': 'pennystocks'}",,"{'Score': 150, 'Mention': 1, 'Subreddit': 'Daytrading'}",,,,"{'Score': 57, 'Mention': 2, 'Subreddit': 'wallstreetbets'}"
DPW,"{'Score': 6, 'Mention': 1, 'Subreddit': 'pennystocks'}",,,,,,
MLT,"{'Score': 348, 'Mention': 1, 'Subreddit': 'pennystocks'}",,,,,,
MSC,"{'Score': 348, 'Mention': 1, 'Subreddit': 'pennystocks'}",,,,,,
BLA,"{'Score': 348, 'Mention': 1, 'Subreddit': 'pennystocks'}",,,,,,
DMC,"{'Score': 348, 'Mention': 1, 'Subreddit': 'pennystocks'}",,,,,,
ARDS,"{'Score': 348, 'Mention': 1, 'Subreddit': 'pennystocks'}",,,,,,
CTXR,"{'Score': 348, 'Mention': 1, 'Subreddit': 'pennystocks'}",,,,,,
CLL,"{'Score': 348, 'Mention': 1, 'Subreddit': 'pennystocks'}",,,,,,
CVC,"{'Score': 348, 'Mention': 1, 'Subreddit': 'pennystocks'}",,,,,,
SOC,"{'Score': 348, 'Mention': 1, 'Subreddit': 'pennystocks'}",,,,,,
QIDP,"{'Score': 348, 'Mention': 1, 'Subreddit': 'pennystocks'}",,,,,,
IDSA,"{'Score': 348, 'Mention': 1, 'Subreddit': 'pennystocks'}",,,,,,
EVP,"{'Score': 348, 'Mention': 1, 'Subreddit': 'pennystocks'}",,,,,,
MEGA,"{'Score': 348, 'Mention': 1, 'Subreddit': 'pennystocks'}",,,,,,
NDA,"{'Score': 348, 'Mention': 1, 'Subreddit': 'pennystocks'}",,,,,,
ALT,"{'Score': 348, 'Mention': 1, 'Subreddit': 'pennystocks'}",,,,,,
CRBSI,"{'Score': 348, 'Mention': 1, 'Subreddit': 'pennystocks'}",,,,,,
CITI,"{'Score': 348, 'Mention': 1, 'Subreddit': 'pennystocks'}",,,,,,
GMZ,"{'Score': 13, 'Mention': 1, 'Subreddit': 'pennystocks'}",,,,,,
GAYMF,"{'Score': 13, 'Mention': 1, 'Subreddit': 'pennystocks'}",,,,,,
MMEX,"{'Score': 6, 'Mention': 1, 'Subreddit': 'pennystocks'}",,,,,,
ATOS,"{'Score': 24, 'Mention': 1, 'Subreddit': 'pennystocks'}",,,,,,
FLOAT,"{'Score': 17, 'Mention': 2, 'Subreddit': 'pennystocks'}",,"{'Score': 25, 'Mention': 2, 'Subreddit': 'Daytrading'}",,,,
CRGE,"{'Score': 7, 'Mention': 1, 'Subreddit': 'pennystocks'}",,,,,,
TCFF,"{'Score': 9, 'Mention': 1, 'Subreddit': 'pennystocks'}",,,,,,
GDLNF,"{'Score': 5, 'Mention': 1, 'Subreddit': 'pennystocks'}",,,,,,
HITI,"{'Score': 85, 'Mention': 2, 'Subreddit': 'pennystocks'}",,,,,,
MMED,"{'Score': 5, 'Mention': 1, 'Subreddit': 'pennystocks'}",,,,,,
HIGH,"{'Score': 12, 'Mention': 1, 'Subreddit': 'pennystocks'}",,,,,,
SPEED,"{'Score': 12, 'Mention': 1, 'Subreddit': 'pennystocks'}",,,,,,
WATER,"{'Score': 12, 'Mention': 1, 'Subreddit': 'pennystocks'}",,,,,,
CLEAN,"{'Score': 12, 'Mention': 1, 'Subreddit': 'pennystocks'}",,,,,,
GRID,"{'Score': 12, 'Mention': 1, 'Subreddit': 'pennystocks'}",,,,,,
BLGO,"{'Score': 12, 'Mention': 1, 'Subreddit': 'pennystocks'}",,,,,,
IMHO,"{'Score': 12, 'Mention': 1, 'Subreddit': 'pennystocks'}",,,,,,
BARC,"{'Score': 8, 'Mention': 1, 'Subreddit': 'pennystocks'}",,,,,,
DTH,"{'Score': 8, 'Mention': 1, 'Subreddit': 'pennystocks'}",,,,,,
QYOU,"{'Score': 8, 'Mention': 1, 'Subreddit': 'pennystocks'}",,,,,,
GRP,"{'Score': 8, 'Mention': 1, 'Subreddit': 'pennystocks'}",,,,,,
VOD,"{'Score': 8, 'Mention': 1, 'Subreddit': 'pennystocks'}",,,,,,
TATA,"{'Score': 8, 'Mention': 1, 'Subreddit': 'pennystocks'}",,,,,,
PRESS,"{'Score': 12, 'Mention': 1, 'Subreddit': 'pennystocks'}",,,,,,
MDMP,"{'Score': 36, 'Mention': 2, 'Subreddit': 'pennystocks'}",,,,,,
WELL,"{'Score': 12, 'Mention': 1, 'Subreddit': 'pennystocks'}",,,,"{'Score': 162, 'Mention': 1, 'Subreddit': 'stocks'}",,
STOP,"{'Score': 27, 'Mention': 1, 'Subreddit': 'pennystocks'}",,,,"{'Score': 6, 'Mention': 1, 'Subreddit': 'stocks'}",,
ASTI,"{'Score': 55, 'Mention': 3, 'Subreddit': 'pennystocks'}",,,"{'Score': 29, 'Mention': 1, 'Subreddit': 'StockMarket'}",,,
BAX,"{'Score': 6, 'Mention': 1, 'Subreddit': 'pennystocks'}",,,,,,
ICU,"{'Score': 6, 'Mention': 1, 'Subreddit': 'pennystocks'}",,,,,,
CRRT,"{'Score': 6, 'Mention': 1, 'Subreddit': 'pennystocks'}",,,,,,
PMX,"{'Score': 6, 'Mention': 1, 'Subreddit': 'pennystocks'}",,,,,,
IDE,"{'Score': 6, 'Mention': 1, 'Subreddit': 'pennystocks'}",,,,,,
III,"{'Score': 19, 'Mention': 2, 'Subreddit': 'pennystocks'}",,,"{'Score': 5, 'Mention': 1, 'Subreddit': 'StockMarket'}",,,
DIMI,"{'Score': 6, 'Mention': 1, 'Subreddit': 'pennystocks'}",,,,,,
RFP,"{'Score': 51, 'Mention': 2, 'Subreddit': 'pennystocks'}",,,,,,
EDT,"{'Score': 6, 'Mention': 1, 'Subreddit': 'pennystocks'}","{'Score': 44, 'Mention': 1, 'Subreddit': 'RobinHoodPennyStocks'}",,,"{'Score': 6, 'Mention': 1, 'Subreddit': 'stocks'}",,
PMA,"{'Score': 6, 'Mention': 1, 'Subreddit': 'pennystocks'}",,,,,,
EDTXF,"{'Score': 6, 'Mention': 1, 'Subreddit': 'pennystocks'}",,,,,,
TMX,"{'Score': 6, 'Mention': 1, 'Subreddit': 'pennystocks'}",,,,,,
SAMI,"{'Score': 6, 'Mention': 1, 'Subreddit': 'pennystocks'}",,,,,,
XTRM,"{'Score': 7, 'Mention': 1, 'Subreddit': 'pennystocks'}",,,,,,
OZSC,"{'Score': 43, 'Mention': 1, 'Subreddit': 'pennystocks'}",,,,,,
LNKD,"{'Score': 59, 'Mention': 1, 'Subreddit': 'pennystocks'}",,,,,,
MSFT,"{'Score': 103, 'Mention': 2, 'Subreddit': 'pennystocks'}",,,"{'Score': 5, 'Mention': 1, 'Subreddit': 'StockMarket'}","{'Score': 4007, 'Mention': 3, 'Subreddit': 'stocks'}","{'Score': 1533, 'Mention': 1, 'Subreddit': 'investing'}","{'Score': 83, 'Mention': 3, 'Subreddit': 'wallstreetbets'}"
SAAS,"{'Score': 59, 'Mention': 1, 'Subreddit': 'pennystocks'}",,,"{'Score': 25, 'Mention': 1, 'Subreddit': 'StockMarket'}",,,
DDDM,"{'Score': 59, 'Mention': 1, 'Subreddit': 'pennystocks'}",,,,,,
OHIO,"{'Score': 15, 'Mention': 1, 'Subreddit': 'pennystocks'}",,,,,,
CLEU,"{'Score': 9, 'Mention': 1, 'Subreddit': 'pennystocks'}",,,,,,
CGR,"{'Score': 9, 'Mention': 1, 'Subreddit': 'pennystocks'}",,,,,,
IONKF,"{'Score': 6, 'Mention': 1, 'Subreddit': 'pennystocks'}",,,,,,
GLOP,"{'Score': 13, 'Mention': 1, 'Subreddit': 'pennystocks'}",,,,,,
TGRR,"{'Score': 4, 'Mention': 1, 'Subreddit': 'pennystocks'}",,,,,,
BLUU,"{'Score': 4, 'Mention': 1, 'Subreddit': 'pennystocks'}",,,,,,
FTWS,"{'Score': 4, 'Mention': 1, 'Subreddit': 'pennystocks'}",,,,,,
MSVN,"{'Score': 21, 'Mention': 1, 'Subreddit': 'pennystocks'}",,,,,,
TECXF,"{'Score': 5, 'Mention': 1, 'Subreddit': 'pennystocks'}",,,,,,
TECX,"{'Score': 5, 'Mention': 1, 'Subreddit': 'pennystocks'}",,,,,,
ECU,"{'Score': 7, 'Mention': 1, 'Subreddit': 'pennystocks'}",,,,,,
ASEAN,"{'Score': 7, 'Mention': 1, 'Subreddit': 'pennystocks'}",,,,,,
ESG,"{'Score': 7, 'Mention': 1, 'Subreddit': 'pennystocks'}",,,,,"{'Score': 9, 'Mention': 1, 'Subreddit': 'investing'}",
EASY,"{'Score': 7, 'Mention': 1, 'Subreddit': 'pennystocks'}",,,,,,"{'Score': 23, 'Mention': 1, 'Subreddit': 'wallstreetbets'}"
AMC,"{'Score': 118, 'Mention': 2, 'Subreddit': 'pennystocks'}","{'Score': 6, 'Mention': 1, 'Subreddit': 'RobinHoodPennyStocks'}","{'Score': 4, 'Mention': 1, 'Subreddit': 'Daytrading'}","{'Score': 13, 'Mention': 3, 'Subreddit': 'StockMarket'}",,,"{'Score': 950, 'Mention': 4, 'Subreddit': 'wallstreetbets'}"
HENC,"{'Score': 11, 'Mention': 1, 'Subreddit': 'pennystocks'}",,,"{'Score': 5, 'Mention': 1, 'Subreddit': 'StockMarket'}",,,
INVU,"{'Score': 8, 'Mention': 1, 'Subreddit': 'pennystocks'}",,,,,,
NMGRD,"{'Score': 53, 'Mention': 1, 'Subreddit': 'pennystocks'}",,,,,,
NMGRF,"{'Score': 53, 'Mention': 1, 'Subreddit': 'pennystocks'}",,,,,,
NIO,"{'Score': 15, 'Mention': 1, 'Subreddit': 'pennystocks'}",,"{'Score': 124, 'Mention': 3, 'Subreddit': 'Daytrading'}","{'Score': 9, 'Mention': 1, 'Subreddit': 'StockMarket'}","{'Score': 428, 'Mention': 2, 'Subreddit': 'stocks'}",,"{'Score': 54, 'Mention': 1, 'Subreddit': 'wallstreetbets'}"
XPEV,"{'Score': 15, 'Mention': 1, 'Subreddit': 'pennystocks'}",,"{'Score': 10, 'Mention': 1, 'Subreddit': 'Daytrading'}",,"{'Score': 246, 'Mention': 2, 'Subreddit': 'stocks'}",,
TSLA,"{'Score': 15, 'Mention': 1, 'Subreddit': 'pennystocks'}",,"{'Score': 114, 'Mention': 2, 'Subreddit': 'Daytrading'}","{'Score': 9, 'Mention': 1, 'Subreddit': 'StockMarket'}","{'Score': 1349, 'Mention': 5, 'Subreddit': 'stocks'}",,"{'Score': 606, 'Mention': 7, 'Subreddit': 'wallstreetbets'}"
VWAGY,"{'Score': 15, 'Mention': 1, 'Subreddit': 'pennystocks'}",,,,,,
WKSP,"{'Score': 15, 'Mention': 1, 'Subreddit': 'pennystocks'}",,,,,,
PIPE,"{'Score': 15, 'Mention': 1, 'Subreddit': 'pennystocks'}",,,,"{'Score': 7, 'Mention': 1, 'Subreddit': 'stocks'}",,
ESS,"{'Score': 15, 'Mention': 1, 'Subreddit': 'pennystocks'}",,,,,,
FSR,"{'Score': 15, 'Mention': 1, 'Subreddit': 'pennystocks'}",,,,"{'Score': 8, 'Mention': 1, 'Subreddit': 'stocks'}",,
XPENG,"{'Score': 15, 'Mention': 1, 'Subreddit': 'pennystocks'}",,,,,,
GNUS,"{'Score': 13, 'Mention': 1, 'Subreddit': 'pennystocks'}","{'Score': 13, 'Mention': 2, 'Subreddit': 'RobinHoodPennyStocks'}",,,,,
HILLS,"{'Score': 13, 'Mention': 1, 'Subreddit': 'pennystocks'}",,,,,,
YVR,"{'Score': 13, 'Mention': 1, 'Subreddit': 'pennystocks'}",,"{'Score': 125, 'Mention': 2, 'Subreddit': 'Daytrading'}",,,,
OPTEC,"{'Score': 11, 'Mention': 1, 'Subreddit': 'pennystocks'}",,,,,,
PPE,"{'Score': 11, 'Mention': 1, 'Subreddit': 'pennystocks'}",,,,,,
OPTI,"{'Score': 11, 'Mention': 1, 'Subreddit': 'pennystocks'}",,,,,,
LODE,"{'Score': 289, 'Mention': 1, 'Subreddit': 'pennystocks'}",,,,,,
ASM,"{'Score': 289, 'Mention': 1, 'Subreddit': 'pennystocks'}",,,,,,
BNCHF,"{'Score': 289, 'Mention': 1, 'Subreddit': 'pennystocks'}",,,,,,
KAVL,"{'Score': 12, 'Mention': 1, 'Subreddit': 'pennystocks'}",,,,,,
PFFOF,"{'Score': 9, 'Mention': 1, 'Subreddit': 'pennystocks'}",,,,,,
SGH,"{'Score': 9, 'Mention': 1, 'Subreddit': 'pennystocks'}",,,,,,
POTA,"{'Score': 9, 'Mention': 1, 'Subreddit': 'pennystocks'}",,,,,,
VMS,"{'Score': 9, 'Mention': 1, 'Subreddit': 'pennystocks'}",,,,,,
POR,"{'Score': 9, 'Mention': 1, 'Subreddit': 'pennystocks'}",,,,,,
GBR,"{'Score': 9, 'Mention': 1, 'Subreddit': 'pennystocks'}",,,,,,
FSE,"{'Score': 19, 'Mention': 2, 'Subreddit': 'pennystocks'}",,,,,,
ILI,"{'Score': 9, 'Mention': 1, 'Subreddit': 'pennystocks'}",,,,,,
EPA,"{'Score': 13, 'Mention': 1, 'Subreddit': 'pennystocks'}",,,,,,
EPC,"{'Score': 13, 'Mention': 1, 'Subreddit': 'pennystocks'}",,,,,,
GIII,"{'Score': 13, 'Mention': 1, 'Subreddit': 'pennystocks'}",,,,,,
ISRJF,"{'Score': 13, 'Mention': 1, 'Subreddit': 'pennystocks'}",,,,,,
UMO,"{'Score': 13, 'Mention': 1, 'Subreddit': 'pennystocks'}",,,,,,
PCL,"{'Score': 13, 'Mention': 1, 'Subreddit': 'pennystocks'}",,,,,,
KTM,"{'Score': 47, 'Mention': 1, 'Subreddit': 'pennystocks'}",,,,,,
JAMES,"{'Score': 47, 'Mention': 1, 'Subreddit': 'pennystocks'}",,,,,,
EXROF,"{'Score': 47, 'Mention': 1, 'Subreddit': 'pennystocks'}",,,,,,
EXRO,"{'Score': 47, 'Mention': 1, 'Subreddit': 'pennystocks'}",,,,,,
PMS,"{'Score': 47, 'Mention': 1, 'Subreddit': 'pennystocks'}",,,,,,
RISK,"{'Score': 5, 'Mention': 1, 'Subreddit': 'pennystocks'}",,,,"{'Score': 6, 'Mention': 1, 'Subreddit': 'stocks'}",,
ASX,"{'Score': 5, 'Mention': 1, 'Subreddit': 'pennystocks'}",,,"{'Score': 16, 'Mention': 2, 'Subreddit': 'StockMarket'}","{'Score': 6, 'Mention': 1, 'Subreddit': 'stocks'}",,
BET,"{'Score': 5, 'Mention': 1, 'Subreddit': 'pennystocks'}",,,,"{'Score': 6, 'Mention': 1, 'Subreddit': 'stocks'}",,"{'Score': 23, 'Mention': 1, 'Subreddit': 'wallstreetbets'}"
LTNC,"{'Score': 10, 'Mention': 1, 'Subreddit': 'pennystocks'}",,,,,,
DPLS,"{'Score': 27, 'Mention': 1, 'Subreddit': 'pennystocks'}",,,,,,
ITAR,"{'Score': 27, 'Mention': 1, 'Subreddit': 'pennystocks'}",,,,,,
UFC,"{'Score': 11, 'Mention': 1, 'Subreddit': 'pennystocks'}",,,,,,
TGIFF,"{'Score': 11, 'Mention': 1, 'Subreddit': 'pennystocks'}",,,,,,
EDC,"{'Score': 11, 'Mention': 1, 'Subreddit': 'pennystocks'}",,,,,,
NCAA,"{'Score': 11, 'Mention': 1, 'Subreddit': 'pennystocks'}",,,,,,
EFIR,"{'Score': 18, 'Mention': 2, 'Subreddit': 'pennystocks'}",,,,,,
MIGHT,"{'Score': 7, 'Mention': 1, 'Subreddit': 'pennystocks'}",,,,,,"{'Score': 45, 'Mention': 1, 'Subreddit': 'wallstreetbets'}"
ADSV,"{'Score': 4, 'Mention': 1, 'Subreddit': 'pennystocks'}",,,,,,
ALPP,"{'Score': 35, 'Mention': 1, 'Subreddit': 'pennystocks'}",,"{'Score': 6, 'Mention': 1, 'Subreddit': 'Daytrading'}",,,,
GTT,"{'Score': 7, 'Mention': 1, 'Subreddit': 'pennystocks'}",,,,,,
PST,"{'Score': 24, 'Mention': 2, 'Subreddit': 'pennystocks'}",,,,,,
HLLPF,"{'Score': 10, 'Mention': 1, 'Subreddit': 'pennystocks'}",,,,,,
SFTBY,"{'Score': 10, 'Mention': 1, 'Subreddit': 'pennystocks'}",,,,,,
BWEN,"{'Score': 9, 'Mention': 1, 'Subreddit': 'pennystocks'}","{'Score': 9, 'Mention': 1, 'Subreddit': 'RobinHoodPennyStocks'}",,,,,
HERE,"{'Score': 29, 'Mention': 2, 'Subreddit': 'pennystocks'}",,,,,,
LPCN,"{'Score': 21, 'Mention': 1, 'Subreddit': 'pennystocks'}",,,,,,
TLDR,"{'Score': 66, 'Mention': 2, 'Subreddit': 'pennystocks'}",,"{'Score': 5, 'Mention': 1, 'Subreddit': 'Daytrading'}","{'Score': 12, 'Mention': 2, 'Subreddit': 'StockMarket'}","{'Score': 306, 'Mention': 4, 'Subreddit': 'stocks'}","{'Score': 13, 'Mention': 1, 'Subreddit': 'investing'}","{'Score': 10934, 'Mention': 12, 'Subreddit': 'wallstreetbets'}"
KXIN,"{'Score': 10, 'Mention': 1, 'Subreddit': 'pennystocks'}",,,,,,
LUCKY,"{'Score': 4, 'Mention': 1, 'Subreddit': 'pennystocks'}",,,,,,
THINK,"{'Score': 4, 'Mention': 1, 'Subreddit': 'pennystocks'}",,,"{'Score': 5, 'Mention': 1, 'Subreddit': 'StockMarket'}",,,
ASAP,"{'Score': 4, 'Mention': 1, 'Subreddit': 'pennystocks'}",,,,"{'Score': 7, 'Mention': 1, 'Subreddit': 'stocks'}",,
SARS,"{'Score': 4, 'Mention': 1, 'Subreddit': 'pennystocks'}",,,,,,
GBS,"{'Score': 4, 'Mention': 1, 'Subreddit': 'pennystocks'}",,,,,,
UNDER,"{'Score': 4, 'Mention': 1, 'Subreddit': 'pennystocks'}",,,,,,
RIGHT,"{'Score': 4, 'Mention': 1, 'Subreddit': 'pennystocks'}",,,,"{'Score': 20, 'Mention': 1, 'Subreddit': 'stocks'}",,
GET,"{'Score': 4, 'Mention': 1, 'Subreddit': 'pennystocks'}",,,,,,"{'Score': 20, 'Mention': 1, 'Subreddit': 'wallstreetbets'}"
ARE,"{'Score': 4, 'Mention': 1, 'Subreddit': 'pennystocks'}",,,"{'Score': 5, 'Mention': 1, 'Subreddit': 'StockMarket'}","{'Score': 7, 'Mention': 1, 'Subreddit': 'stocks'}",,
NOW,"{'Score': 4, 'Mention': 1, 'Subreddit': 'pennystocks'}",,,"{'Score': 5, 'Mention': 1, 'Subreddit': 'StockMarket'}",,,"{'Score': 343, 'Mention': 1, 'Subreddit': 'wallstreetbets'}"
YOU,"{'Score': 4, 'Mention': 1, 'Subreddit': 'pennystocks'}",,,,,,
THEY,"{'Score': 4, 'Mention': 1, 'Subreddit': 'pennystocks'}",,,,"{'Score': 7, 'Mention': 1, 'Subreddit': 'stocks'}",,"{'Score': 35, 'Mention': 1, 'Subreddit': 'wallstreetbets'}"
NEED,"{'Score': 4, 'Mention': 1, 'Subreddit': 'pennystocks'}",,,,,,
AIX,"{'Score': 103, 'Mention': 1, 'Subreddit': 'pennystocks'}",,,,,,
CDF,"{'Score': 103, 'Mention': 1, 'Subreddit': 'pennystocks'}",,,,,,
ROI,"{'Score': 10, 'Mention': 1, 'Subreddit': 'pennystocks'}",,"{'Score': 7, 'Mention': 1, 'Subreddit': 'Daytrading'}",,,,
IGI,"{'Score': 10, 'Mention': 1, 'Subreddit': 'pennystocks'}",,,,,,
IMCI,"{'Score': 10, 'Mention': 1, 'Subreddit': 'pennystocks'}",,,,,,
RFI,"{'Score': 45, 'Mention': 1, 'Subreddit': 'pennystocks'}",,,,,,
PTF,"{'Score': 45, 'Mention': 1, 'Subreddit': 'pennystocks'}",,,,,,
IDIQ,"{'Score': 45, 'Mention': 1, 'Subreddit': 'pennystocks'}",,,,,,
HHS,"{'Score': 45, 'Mention': 1, 'Subreddit': 'pennystocks'}",,,,,,
MRS,"{'Score': 45, 'Mention': 1, 'Subreddit': 'pennystocks'}",,,,,,
MSNVF,"{'Score': 45, 'Mention': 1, 'Subreddit': 'pennystocks'}",,,,,,
RFQ,"{'Score': 45, 'Mention': 1, 'Subreddit': 'pennystocks'}",,,,,,
SNR,"{'Score': 10, 'Mention': 1, 'Subreddit': 'pennystocks'}",,,,,,
CDO,"{'Score': 10, 'Mention': 1, 'Subreddit': 'pennystocks'}",,,,,,
MREIT,"{'Score': 10, 'Mention': 1, 'Subreddit': 'pennystocks'}",,,,,,
EJF,"{'Score': 10, 'Mention': 1, 'Subreddit': 'pennystocks'}",,,,,,
CSOS,"{'Score': 10, 'Mention': 1, 'Subreddit': 'pennystocks'}",,,,,,
READ,"{'Score': 10, 'Mention': 1, 'Subreddit': 'pennystocks'}",,,,,,"{'Score': 425, 'Mention': 1, 'Subreddit': 'wallstreetbets'}"
NRZ,"{'Score': 10, 'Mention': 1, 'Subreddit': 'pennystocks'}",,,,,,
FID,"{'Score': 10, 'Mention': 1, 'Subreddit': 'pennystocks'}",,,,,,
GCI,"{'Score': 10, 'Mention': 1, 'Subreddit': 'pennystocks'}",,,,,,
NFI,"{'Score': 10, 'Mention': 1, 'Subreddit': 'pennystocks'}",,,,,,
WAC,"{'Score': 10, 'Mention': 1, 'Subreddit': 'pennystocks'}",,,,,,
NOVC,"{'Score': 10, 'Mention': 1, 'Subreddit': 'pennystocks'}",,,,,,
AABB,"{'Score': 39, 'Mention': 1, 'Subreddit': 'pennystocks'}",,,,,,
TIME,"{'Score': 18, 'Mention': 1, 'Subreddit': 'pennystocks'}",,,,,,
MCAP,"{'Score': 11, 'Mention': 1, 'Subreddit': 'pennystocks'}",,,,,,
EGPI,"{'Score': 11, 'Mention': 1, 'Subreddit': 'pennystocks'}",,,,,,
BZWR,"{'Score': 14, 'Mention': 1, 'Subreddit': 'pennystocks'}",,,,,,
PPP,"{'Score': 24, 'Mention': 2, 'Subreddit': 'pennystocks'}",,,,"{'Score': 424, 'Mention': 1, 'Subreddit': 'stocks'}",,
EST,"{'Score': 14, 'Mention': 1, 'Subreddit': 'pennystocks'}",,,"{'Score': 6, 'Mention': 1, 'Subreddit': 'StockMarket'}","{'Score': 110, 'Mention': 2, 'Subreddit': 'stocks'}",,
POND-V,"{'Score': 8, 'Mention': 1, 'Subreddit': 'pennystocks'}",,,,,,
PONDS,"{'Score': 8, 'Mention': 1, 'Subreddit': 'pennystocks'}",,,,,,
CHECK,"{'Score': 8, 'Mention': 1, 'Subreddit': 'pennystocks'}",,,,,,
EDIT,"{'Score': 8, 'Mention': 1, 'Subreddit': 'pennystocks'}",,"{'Score': 150, 'Mention': 1, 'Subreddit': 'Daytrading'}",,"{'Score': 56, 'Mention': 2, 'Subreddit': 'stocks'}",,"{'Score': 416, 'Mention': 4, 'Subreddit': 'wallstreetbets'}"
FYE,"{'Score': 8, 'Mention': 1, 'Subreddit': 'pennystocks'}",,,,,,
OTCQX,"{'Score': 8, 'Mention': 1, 'Subreddit': 'pennystocks'}",,,"{'Score': 24, 'Mention': 1, 'Subreddit': 'StockMarket'}",,,
MACE,"{'Score': 8, 'Mention': 1, 'Subreddit': 'pennystocks'}",,,,,,
RMANF,"{'Score': 5, 'Mention': 1, 'Subreddit': 'pennystocks'}",,,,,,
LITT-V,"{'Score': 5, 'Mention': 1, 'Subreddit': 'pennystocks'}",,,,,,
SGSI,"{'Score': 10, 'Mention': 1, 'Subreddit': 'pennystocks'}",,,,,,
PLAY,"{'Score': 7, 'Mention': 1, 'Subreddit': 'pennystocks'}",,,"{'Score': 9, 'Mention': 1, 'Subreddit': 'StockMarket'}","{'Score': 266, 'Mention': 1, 'Subreddit': 'stocks'}",,"{'Score': 49, 'Mention': 1, 'Subreddit': 'wallstreetbets'}"
LYV,"{'Score': 7, 'Mention': 1, 'Subreddit': 'pennystocks'}",,,,,,
VICE,"{'Score': 7, 'Mention': 1, 'Subreddit': 'pennystocks'}",,,,,,
LIVX,"{'Score': 7, 'Mention': 1, 'Subreddit': 'pennystocks'}",,,,,,
BUT,"{'Score': 42, 'Mention': 1, 'Subreddit': 'pennystocks'}",,,,,,"{'Score': 507, 'Mention': 3, 'Subreddit': 'wallstreetbets'}"
XIGM,"{'Score': 42, 'Mention': 1, 'Subreddit': 'pennystocks'}",,,,,,
YAY,"{'Score': 42, 'Mention': 1, 'Subreddit': 'pennystocks'}",,,,,,
TRWRF,"{'Score': 5, 'Mention': 1, 'Subreddit': 'pennystocks'}",,,,,,
LQID,"{'Score': 5, 'Mention': 1, 'Subreddit': 'pennystocks'}",,,,,,
MKGP,"{'Score': 12, 'Mention': 1, 'Subreddit': 'pennystocks'}",,,,,,
LOT,"{'Score': 12, 'Mention': 1, 'Subreddit': 'pennystocks'}",,,,"{'Score': 11, 'Mention': 1, 'Subreddit': 'stocks'}",,
FTXP,"{'Score': 12, 'Mention': 1, 'Subreddit': 'pennystocks'}",,,,,,
MAJOR,"{'Score': 44, 'Mention': 1, 'Subreddit': 'pennystocks'}",,,,,,
HIPPA,"{'Score': 44, 'Mention': 1, 'Subreddit': 'pennystocks'}",,,,,,
SFOR,"{'Score': 44, 'Mention': 1, 'Subreddit': 'pennystocks'}",,,,,,
REAL,"{'Score': 44, 'Mention': 1, 'Subreddit': 'pennystocks'}",,,,,,
GLTA,"{'Score': 44, 'Mention': 1, 'Subreddit': 'pennystocks'}",,,,,,
OTP,"{'Score': 44, 'Mention': 1, 'Subreddit': 'pennystocks'}",,,,,,
SPAC,,"{'Score': 5, 'Mention': 1, 'Subreddit': 'RobinHoodPennyStocks'}",,"{'Score': 33, 'Mention': 2, 'Subreddit': 'StockMarket'}",,,"{'Score': 94, 'Mention': 1, 'Subreddit': 'wallstreetbets'}"
ITM,,"{'Score': 5, 'Mention': 1, 'Subreddit': 'RobinHoodPennyStocks'}",,"{'Score': 4, 'Mention': 1, 'Subreddit': 'StockMarket'}","{'Score': 50, 'Mention': 4, 'Subreddit': 'stocks'}",,
AGTC,,"{'Score': 507, 'Mention': 4, 'Subreddit': 'RobinHoodPennyStocks'}",,,,,
RSI,,"{'Score': 25, 'Mention': 1, 'Subreddit': 'RobinHoodPennyStocks'}",,"{'Score': 8, 'Mention': 1, 'Subreddit': 'StockMarket'}","{'Score': 108, 'Mention': 1, 'Subreddit': 'stocks'}",,"{'Score': 3869, 'Mention': 1, 'Subreddit': 'wallstreetbets'}"
EPS,,"{'Score': 25, 'Mention': 1, 'Subreddit': 'RobinHoodPennyStocks'}",,"{'Score': 31, 'Mention': 3, 'Subreddit': 'StockMarket'}","{'Score': 137, 'Mention': 4, 'Subreddit': 'stocks'}",,"{'Score': 226, 'Mention': 7, 'Subreddit': 'wallstreetbets'}"
QQQ,,"{'Score': 25, 'Mention': 1, 'Subreddit': 'RobinHoodPennyStocks'}","{'Score': 10, 'Mention': 1, 'Subreddit': 'Daytrading'}","{'Score': 13, 'Mention': 1, 'Subreddit': 'StockMarket'}","{'Score': 50, 'Mention': 4, 'Subreddit': 'stocks'}","{'Score': 31, 'Mention': 1, 'Subreddit': 'investing'}","{'Score': 77, 'Mention': 3, 'Subreddit': 'wallstreetbets'}"
VOT,,"{'Score': 25, 'Mention': 1, 'Subreddit': 'RobinHoodPennyStocks'}",,,,,
VGT,,"{'Score': 25, 'Mention': 1, 'Subreddit': 'RobinHoodPennyStocks'}",,,,,
IVV,,"{'Score': 25, 'Mention': 1, 'Subreddit': 'RobinHoodPennyStocks'}",,,,,
ARK,,"{'Score': 25, 'Mention': 1, 'Subreddit': 'RobinHoodPennyStocks'}",,"{'Score': 15, 'Mention': 2, 'Subreddit': 'StockMarket'}","{'Score': 313, 'Mention': 5, 'Subreddit': 'stocks'}",,"{'Score': 72, 'Mention': 2, 'Subreddit': 'wallstreetbets'}"
MACD,,"{'Score': 25, 'Mention': 1, 'Subreddit': 'RobinHoodPennyStocks'}","{'Score': 10, 'Mention': 1, 'Subreddit': 'Daytrading'}","{'Score': 8, 'Mention': 1, 'Subreddit': 'StockMarket'}",,,"{'Score': 4123, 'Mention': 2, 'Subreddit': 'wallstreetbets'}"
MGC,,"{'Score': 25, 'Mention': 1, 'Subreddit': 'RobinHoodPennyStocks'}",,,,,
PEG,,"{'Score': 25, 'Mention': 1, 'Subreddit': 'RobinHoodPennyStocks'}",,"{'Score': 8, 'Mention': 1, 'Subreddit': 'StockMarket'}",,,
GUIDE,,"{'Score': 25, 'Mention': 1, 'Subreddit': 'RobinHoodPennyStocks'}",,"{'Score': 8, 'Mention': 1, 'Subreddit': 'StockMarket'}",,,
ETF,,"{'Score': 31, 'Mention': 2, 'Subreddit': 'RobinHoodPennyStocks'}",,"{'Score': 64, 'Mention': 7, 'Subreddit': 'StockMarket'}","{'Score': 1805, 'Mention': 16, 'Subreddit': 'stocks'}","{'Score': 41, 'Mention': 2, 'Subreddit': 'investing'}","{'Score': 80, 'Mention': 3, 'Subreddit': 'wallstreetbets'}"
VBK,,"{'Score': 25, 'Mention': 1, 'Subreddit': 'RobinHoodPennyStocks'}",,,,,
GREAT,,"{'Score': 10, 'Mention': 1, 'Subreddit': 'RobinHoodPennyStocks'}",,"{'Score': 6, 'Mention': 1, 'Subreddit': 'StockMarket'}","{'Score': 20, 'Mention': 1, 'Subreddit': 'stocks'}",,
TNXP,,"{'Score': 10, 'Mention': 1, 'Subreddit': 'RobinHoodPennyStocks'}",,,,,
EAST,,"{'Score': 11, 'Mention': 2, 'Subreddit': 'RobinHoodPennyStocks'}",,,,,
MVIS,,"{'Score': 11, 'Mention': 1, 'Subreddit': 'RobinHoodPennyStocks'}","{'Score': 34, 'Mention': 1, 'Subreddit': 'Daytrading'}",,,,"{'Score': 1349, 'Mention': 7, 'Subreddit': 'wallstreetbets'}"
IGC,,"{'Score': 10, 'Mention': 1, 'Subreddit': 'RobinHoodPennyStocks'}",,,,,
SNDL,,"{'Score': 10, 'Mention': 1, 'Subreddit': 'RobinHoodPennyStocks'}",,"{'Score': 24, 'Mention': 1, 'Subreddit': 'StockMarket'}",,,"{'Score': 35, 'Mention': 1, 'Subreddit': 'wallstreetbets'}"
ITP,,"{'Score': 11, 'Mention': 2, 'Subreddit': 'RobinHoodPennyStocks'}",,,,,
GTEH,,"{'Score': 4, 'Mention': 1, 'Subreddit': 'RobinHoodPennyStocks'}",,,,,
SOL,,"{'Score': 7, 'Mention': 1, 'Subreddit': 'RobinHoodPennyStocks'}",,,,,
CASI,,"{'Score': 28, 'Mention': 1, 'Subreddit': 'RobinHoodPennyStocks'}",,,,,
SLNO,,"{'Score': 6, 'Mention': 1, 'Subreddit': 'RobinHoodPennyStocks'}",,,,,
SEAC,,"{'Score': 7, 'Mention': 1, 'Subreddit': 'RobinHoodPennyStocks'}",,,,,
UPC,,"{'Score': 6, 'Mention': 1, 'Subreddit': 'RobinHoodPennyStocks'}","{'Score': 34, 'Mention': 1, 'Subreddit': 'Daytrading'}",,,,
HEAVY,,"{'Score': 9, 'Mention': 1, 'Subreddit': 'RobinHoodPennyStocks'}",,,,,
CSTR,,"{'Score': 6, 'Mention': 1, 'Subreddit': 'RobinHoodPennyStocks'}",,,,,
YOLO,,"{'Score': 4, 'Mention': 1, 'Subreddit': 'RobinHoodPennyStocks'}",,"{'Score': 259, 'Mention': 1, 'Subreddit': 'StockMarket'}",,,"{'Score': 59538, 'Mention': 33, 'Subreddit': 'wallstreetbets'}"
CHWY,,,"{'Score': 85, 'Mention': 2, 'Subreddit': 'Daytrading'}","{'Score': 13, 'Mention': 1, 'Subreddit': 'StockMarket'}","{'Score': 209, 'Mention': 3, 'Subreddit': 'stocks'}",,"{'Score': 1220, 'Mention': 1, 'Subreddit': 'wallstreetbets'}"
TOS,,,"{'Score': 10, 'Mention': 2, 'Subreddit': 'Daytrading'}",,,,
LULU,,,"{'Score': 90, 'Mention': 3, 'Subreddit': 'Daytrading'}",,"{'Score': 51, 'Mention': 1, 'Subreddit': 'stocks'}",,
PLUS,,,"{'Score': 5, 'Mention': 1, 'Subreddit': 'Daytrading'}",,,,
HNU,,,"{'Score': 5, 'Mention': 1, 'Subreddit': 'Daytrading'}",,,,
HND,,,"{'Score': 5, 'Mention': 1, 'Subreddit': 'Daytrading'}",,,,
FTFT,,,"{'Score': 41, 'Mention': 2, 'Subreddit': 'Daytrading'}","{'Score': 6, 'Mention': 1, 'Subreddit': 'StockMarket'}",,,
FARM,,,"{'Score': 7, 'Mention': 1, 'Subreddit': 'Daytrading'}",,,,
UXIN,,,"{'Score': 7, 'Mention': 1, 'Subreddit': 'Daytrading'}",,,,
JAGX,,,"{'Score': 41, 'Mention': 2, 'Subreddit': 'Daytrading'}",,,,
RMNI,,,"{'Score': 7, 'Mention': 1, 'Subreddit': 'Daytrading'}",,,,
PTON,,,"{'Score': 44, 'Mention': 2, 'Subreddit': 'Daytrading'}",,,,
TLS,,,"{'Score': 34, 'Mention': 1, 'Subreddit': 'Daytrading'}",,"{'Score': 5, 'Mention': 1, 'Subreddit': 'stocks'}",,
UAVS,,,"{'Score': 34, 'Mention': 1, 'Subreddit': 'Daytrading'}",,,,
CHPT,,,"{'Score': 124, 'Mention': 3, 'Subreddit': 'Daytrading'}",,"{'Score': 162, 'Mention': 1, 'Subreddit': 'stocks'}",,
KMX,,,"{'Score': 44, 'Mention': 2, 'Subreddit': 'Daytrading'}",,,,
SNOA,,,"{'Score': 34, 'Mention': 1, 'Subreddit': 'Daytrading'}",,,,
BLNK,,,"{'Score': 44, 'Mention': 2, 'Subreddit': 'Daytrading'}",,"{'Score': 586, 'Mention': 2, 'Subreddit': 'stocks'}",,"{'Score': 6, 'Mention': 1, 'Subreddit': 'wallstreetbets'}"
EBS,,,"{'Score': 34, 'Mention': 1, 'Subreddit': 'Daytrading'}",,,,
WDC,,,"{'Score': 44, 'Mention': 2, 'Subreddit': 'Daytrading'}",,,,
DOWN,,,"{'Score': 114, 'Mention': 2, 'Subreddit': 'Daytrading'}",,"{'Score': 7, 'Mention': 1, 'Subreddit': 'stocks'}",,
ATH,,,"{'Score': 114, 'Mention': 2, 'Subreddit': 'Daytrading'}",,,,
SPY,,,"{'Score': 142, 'Mention': 5, 'Subreddit': 'Daytrading'}","{'Score': 30, 'Mention': 4, 'Subreddit': 'StockMarket'}","{'Score': 42, 'Mention': 3, 'Subreddit': 'stocks'}",,"{'Score': 34, 'Mention': 1, 'Subreddit': 'wallstreetbets'}"
BOMN,,,"{'Score': 34, 'Mention': 1, 'Subreddit': 'Daytrading'}",,"{'Score': 9, 'Mention': 1, 'Subreddit': 'stocks'}",,
SHW,,,"{'Score': 5, 'Mention': 1, 'Subreddit': 'Daytrading'}",,,,
LAC,,,"{'Score': 10, 'Mention': 1, 'Subreddit': 'Daytrading'}",,,,
TSM,,,"{'Score': 10, 'Mention': 1, 'Subreddit': 'Daytrading'}",,,,
TPGY,,,"{'Score': 10, 'Mention': 1, 'Subreddit': 'Daytrading'}",,,,
PYPL,,,"{'Score': 10, 'Mention': 1, 'Subreddit': 'Daytrading'}",,,,
APHA,,,"{'Score': 90, 'Mention': 2, 'Subreddit': 'Daytrading'}","{'Score': 24, 'Mention': 1, 'Subreddit': 'StockMarket'}",,,"{'Score': 567, 'Mention': 4, 'Subreddit': 'wallstreetbets'}"
TIGR,,,"{'Score': 10, 'Mention': 1, 'Subreddit': 'Daytrading'}",,,,
IWM,,,"{'Score': 10, 'Mention': 1, 'Subreddit': 'Daytrading'}",,,,
PLUG,,,"{'Score': 90, 'Mention': 2, 'Subreddit': 'Daytrading'}",,"{'Score': 193, 'Mention': 2, 'Subreddit': 'stocks'}",,
UTHR,,,"{'Score': 10, 'Mention': 1, 'Subreddit': 'Daytrading'}",,,,
QCOM,,,"{'Score': 10, 'Mention': 1, 'Subreddit': 'Daytrading'}",,,,
BIGC,,,"{'Score': 10, 'Mention': 1, 'Subreddit': 'Daytrading'}",,,,
SUMO,,,"{'Score': 10, 'Mention': 1, 'Subreddit': 'Daytrading'}",,,,
SNOW,,,"{'Score': 10, 'Mention': 1, 'Subreddit': 'Daytrading'}","{'Score': 90, 'Mention': 1, 'Subreddit': 'StockMarket'}",,,
AMAT,,,"{'Score': 10, 'Mention': 1, 'Subreddit': 'Daytrading'}",,"{'Score': 59, 'Mention': 2, 'Subreddit': 'stocks'}",,
SPWR,,,"{'Score': 10, 'Mention': 1, 'Subreddit': 'Daytrading'}",,"{'Score': 162, 'Mention': 1, 'Subreddit': 'stocks'}",,
APPS,,,"{'Score': 10, 'Mention': 1, 'Subreddit': 'Daytrading'}","{'Score': 9, 'Mention': 1, 'Subreddit': 'StockMarket'}","{'Score': 266, 'Mention': 1, 'Subreddit': 'stocks'}",,
ACTC,,,"{'Score': 10, 'Mention': 1, 'Subreddit': 'Daytrading'}",,"{'Score': 7, 'Mention': 1, 'Subreddit': 'stocks'}",,
AGFY,,,"{'Score': 10, 'Mention': 1, 'Subreddit': 'Daytrading'}",,,,
JUST,,,"{'Score': 6, 'Mention': 1, 'Subreddit': 'Daytrading'}","{'Score': 5, 'Mention': 1, 'Subreddit': 'StockMarket'}",,,
GME,,,"{'Score': 86, 'Mention': 2, 'Subreddit': 'Daytrading'}","{'Score': 71, 'Mention': 12, 'Subreddit': 'StockMarket'}","{'Score': 27, 'Mention': 3, 'Subreddit': 'stocks'}",,"{'Score': 82739, 'Mention': 27, 'Subreddit': 'wallstreetbets'}"
VIX,,,"{'Score': 6, 'Mention': 1, 'Subreddit': 'Daytrading'}",,,,
SPX,,,"{'Score': 7, 'Mention': 1, 'Subreddit': 'Daytrading'}",,,,"{'Score': 14, 'Mention': 1, 'Subreddit': 'wallstreetbets'}"
DTE,,,"{'Score': 7, 'Mention': 1, 'Subreddit': 'Daytrading'}",,,,
HCMC,,,"{'Score': 12, 'Mention': 2, 'Subreddit': 'Daytrading'}",,,,
CBBT,,,"{'Score': 6, 'Mention': 1, 'Subreddit': 'Daytrading'}",,,,
GAXY,,,"{'Score': 6, 'Mention': 1, 'Subreddit': 'Daytrading'}",,,,
ABEPF,,,"{'Score': 6, 'Mention': 1, 'Subreddit': 'Daytrading'}",,,,
CLOSE,,,"{'Score': 8, 'Mention': 1, 'Subreddit': 'Daytrading'}",,,,
LONG,,,"{'Score': 8, 'Mention': 1, 'Subreddit': 'Daytrading'}",,,,"{'Score': 14, 'Mention': 1, 'Subreddit': 'wallstreetbets'}"
VPN,,,"{'Score': 6, 'Mention': 1, 'Subreddit': 'Daytrading'}",,,,
PDT,,,"{'Score': 337, 'Mention': 3, 'Subreddit': 'Daytrading'}","{'Score': 7, 'Mention': 1, 'Subreddit': 'StockMarket'}",,,
EEIQ,,,"{'Score': 5, 'Mention': 1, 'Subreddit': 'Daytrading'}",,,,
OCGN,,,"{'Score': 98, 'Mention': 2, 'Subreddit': 'Daytrading'}",,,,
RKDA,,,"{'Score': 98, 'Mention': 2, 'Subreddit': 'Daytrading'}",,,,
PRPH,,,"{'Score': 98, 'Mention': 2, 'Subreddit': 'Daytrading'}",,,,
SGRP,,,"{'Score': 18, 'Mention': 1, 'Subreddit': 'Daytrading'}",,,,
CLRBZ,,,"{'Score': 18, 'Mention': 1, 'Subreddit': 'Daytrading'}",,,,
HGEN,,,"{'Score': 80, 'Mention': 1, 'Subreddit': 'Daytrading'}",,,,
TAOP,,,"{'Score': 80, 'Mention': 1, 'Subreddit': 'Daytrading'}",,,,
FCEL,,,"{'Score': 80, 'Mention': 1, 'Subreddit': 'Daytrading'}",,,,
WKHS,,,"{'Score': 80, 'Mention': 1, 'Subreddit': 'Daytrading'}",,,,
DCTH,,,"{'Score': 80, 'Mention': 1, 'Subreddit': 'Daytrading'}",,,,
CLRO,,,"{'Score': 80, 'Mention': 1, 'Subreddit': 'Daytrading'}",,,,
GSX,,,"{'Score': 80, 'Mention': 1, 'Subreddit': 'Daytrading'}",,,,"{'Score': 54, 'Mention': 1, 'Subreddit': 'wallstreetbets'}"
CLF,,,"{'Score': 80, 'Mention': 1, 'Subreddit': 'Daytrading'}",,"{'Score': 213, 'Mention': 2, 'Subreddit': 'stocks'}",,"{'Score': 485, 'Mention': 5, 'Subreddit': 'wallstreetbets'}"
TLRY,,,"{'Score': 80, 'Mention': 1, 'Subreddit': 'Daytrading'}","{'Score': 24, 'Mention': 1, 'Subreddit': 'StockMarket'}",,,"{'Score': 484, 'Mention': 3, 'Subreddit': 'wallstreetbets'}"
SURF,,,"{'Score': 80, 'Mention': 1, 'Subreddit': 'Daytrading'}",,,,
YOUR,,,"{'Score': 326, 'Mention': 1, 'Subreddit': 'Daytrading'}",,,,
PMKT,,,"{'Score': 326, 'Mention': 1, 'Subreddit': 'Daytrading'}",,,,
SSR,,,"{'Score': 9, 'Mention': 1, 'Subreddit': 'Daytrading'}",,,,
DAY,,,"{'Score': 9, 'Mention': 1, 'Subreddit': 'Daytrading'}",,,,"{'Score': 49, 'Mention': 1, 'Subreddit': 'wallstreetbets'}"
VIAC,,,"{'Score': 10, 'Mention': 1, 'Subreddit': 'Daytrading'}","{'Score': 9, 'Mention': 1, 'Subreddit': 'StockMarket'}","{'Score': 270, 'Mention': 2, 'Subreddit': 'stocks'}",,"{'Score': 498, 'Mention': 11, 'Subreddit': 'wallstreetbets'}"
KIRK,,,"{'Score': 6, 'Mention': 1, 'Subreddit': 'Daytrading'}",,,,
SOLY,,,"{'Score': 6, 'Mention': 1, 'Subreddit': 'Daytrading'}",,,,
CNSL,,,"{'Score': 6, 'Mention': 1, 'Subreddit': 'Daytrading'}",,,,
ONLY,,,"{'Score': 5, 'Mention': 1, 'Subreddit': 'Daytrading'}",,,,
CSCW,,,"{'Score': 4, 'Mention': 1, 'Subreddit': 'Daytrading'}",,,,
ORPH,,,"{'Score': 4, 'Mention': 1, 'Subreddit': 'Daytrading'}",,,,
GNPX,,,,"{'Score': 5, 'Mention': 1, 'Subreddit': 'StockMarket'}",,,
SSPK,,,,"{'Score': 7, 'Mention': 1, 'Subreddit': 'StockMarket'}",,,
IEP,,,,"{'Score': 6, 'Mention': 1, 'Subreddit': 'StockMarket'}",,,
GOOD,,,,"{'Score': 5, 'Mention': 1, 'Subreddit': 'StockMarket'}",,,"{'Score': 35, 'Mention': 1, 'Subreddit': 'wallstreetbets'}"
OUT,,,,"{'Score': 5, 'Mention': 1, 'Subreddit': 'StockMarket'}",,,
ITS,,,,"{'Score': 5, 'Mention': 1, 'Subreddit': 'StockMarket'}",,,
LOL,,,,"{'Score': 5, 'Mention': 1, 'Subreddit': 'StockMarket'}",,,"{'Score': 50, 'Mention': 2, 'Subreddit': 'wallstreetbets'}"
BRAND,,,,"{'Score': 5, 'Mention': 1, 'Subreddit': 'StockMarket'}",,,
IDEA,,,,"{'Score': 5, 'Mention': 1, 'Subreddit': 'StockMarket'}",,,
TRIPS,,,,"{'Score': 5, 'Mention': 1, 'Subreddit': 'StockMarket'}",,,
THIS,,,,"{'Score': 28, 'Mention': 4, 'Subreddit': 'StockMarket'}",,,"{'Score': 4054, 'Mention': 6, 'Subreddit': 'wallstreetbets'}"
FAST,,,,"{'Score': 5, 'Mention': 1, 'Subreddit': 'StockMarket'}",,,
BADLY,,,,"{'Score': 5, 'Mention': 1, 'Subreddit': 'StockMarket'}",,,
GAINS,,,,"{'Score': 5, 'Mention': 1, 'Subreddit': 'StockMarket'}",,,"{'Score': 13, 'Mention': 1, 'Subreddit': 'wallstreetbets'}"
BDRBF,,,,"{'Score': 5, 'Mention': 1, 'Subreddit': 'StockMarket'}",,,
OPEN,,,,"{'Score': 5, 'Mention': 1, 'Subreddit': 'StockMarket'}",,,
WANTS,,,,"{'Score': 5, 'Mention': 1, 'Subreddit': 'StockMarket'}",,,
BIG,,,,"{'Score': 15, 'Mention': 2, 'Subreddit': 'StockMarket'}","{'Score': 12, 'Mention': 2, 'Subreddit': 'stocks'}",,"{'Score': 23, 'Mention': 1, 'Subreddit': 'wallstreetbets'}"
HODL,,,,"{'Score': 5, 'Mention': 1, 'Subreddit': 'StockMarket'}",,,"{'Score': 7124, 'Mention': 3, 'Subreddit': 'wallstreetbets'}"
RIOT,,,,"{'Score': 6, 'Mention': 1, 'Subreddit': 'StockMarket'}",,"{'Score': 15, 'Mention': 1, 'Subreddit': 'investing'}",
CAN,,,,"{'Score': 6, 'Mention': 1, 'Subreddit': 'StockMarket'}",,,
BTBT,,,,"{'Score': 6, 'Mention': 1, 'Subreddit': 'StockMarket'}",,,
YOY,,,,"{'Score': 17, 'Mention': 1, 'Subreddit': 'StockMarket'}",,,
BVPS,,,,"{'Score': 17, 'Mention': 1, 'Subreddit': 'StockMarket'}",,,
AMD,,,,"{'Score': 23, 'Mention': 2, 'Subreddit': 'StockMarket'}","{'Score': 6, 'Mention': 1, 'Subreddit': 'stocks'}",,"{'Score': 19, 'Mention': 1, 'Subreddit': 'wallstreetbets'}"
SELL,,,,"{'Score': 17, 'Mention': 1, 'Subreddit': 'StockMarket'}","{'Score': 114, 'Mention': 2, 'Subreddit': 'stocks'}",,
VTI,,,,"{'Score': 21, 'Mention': 2, 'Subreddit': 'StockMarket'}","{'Score': 42, 'Mention': 5, 'Subreddit': 'stocks'}",,
CNBC,,,,"{'Score': 38, 'Mention': 3, 'Subreddit': 'StockMarket'}","{'Score': 4155, 'Mention': 4, 'Subreddit': 'stocks'}","{'Score': 2430, 'Mention': 2, 'Subreddit': 'investing'}","{'Score': 34, 'Mention': 1, 'Subreddit': 'wallstreetbets'}"
SCHA,,,,"{'Score': 17, 'Mention': 1, 'Subreddit': 'StockMarket'}",,,
TIPS,,,,"{'Score': 17, 'Mention': 1, 'Subreddit': 'StockMarket'}",,,
QQQJ,,,,"{'Score': 17, 'Mention': 1, 'Subreddit': 'StockMarket'}",,,
VXUS,,,,"{'Score': 17, 'Mention': 1, 'Subreddit': 'StockMarket'}","{'Score': 8, 'Mention': 1, 'Subreddit': 'stocks'}",,
WILL,,,,"{'Score': 17, 'Mention': 1, 'Subreddit': 'StockMarket'}",,,
SCHB,,,,"{'Score': 17, 'Mention': 1, 'Subreddit': 'StockMarket'}",,,
ROE,,,,"{'Score': 17, 'Mention': 1, 'Subreddit': 'StockMarket'}",,,
TRUE,,,,"{'Score': 17, 'Mention': 1, 'Subreddit': 'StockMarket'}",,,"{'Score': 425, 'Mention': 1, 'Subreddit': 'wallstreetbets'}"
SCHD,,,,"{'Score': 17, 'Mention': 1, 'Subreddit': 'StockMarket'}",,,
USE,,,,"{'Score': 41, 'Mention': 2, 'Subreddit': 'StockMarket'}",,,
QQQM,,,,"{'Score': 17, 'Mention': 1, 'Subreddit': 'StockMarket'}",,,
LIKE,,,,"{'Score': 5, 'Mention': 1, 'Subreddit': 'StockMarket'}",,,
EBIT,,,,"{'Score': 9, 'Mention': 1, 'Subreddit': 'StockMarket'}","{'Score': 51, 'Mention': 1, 'Subreddit': 'stocks'}","{'Score': 10, 'Mention': 1, 'Subreddit': 'investing'}",
IXR,,,,"{'Score': 16, 'Mention': 2, 'Subreddit': 'StockMarket'}",,,
RARE,,,,"{'Score': 6, 'Mention': 1, 'Subreddit': 'StockMarket'}",,,
IONIC,,,,"{'Score': 6, 'Mention': 1, 'Subreddit': 'StockMarket'}",,,
LSD,,,,"{'Score': 5, 'Mention': 1, 'Subreddit': 'StockMarket'}",,,
ECS,,,,"{'Score': 5, 'Mention': 1, 'Subreddit': 'StockMarket'}",,,
VML,,,,"{'Score': 10, 'Mention': 1, 'Subreddit': 'StockMarket'}",,,
EMT,,,,"{'Score': 10, 'Mention': 1, 'Subreddit': 'StockMarket'}",,,
DYOR,,,,"{'Score': 10, 'Mention': 1, 'Subreddit': 'StockMarket'}",,,
AUD,,,,"{'Score': 10, 'Mention': 1, 'Subreddit': 'StockMarket'}",,,
LYC,,,,"{'Score': 10, 'Mention': 1, 'Subreddit': 'StockMarket'}",,,
REE,,,,"{'Score': 10, 'Mention': 1, 'Subreddit': 'StockMarket'}","{'Score': 162, 'Mention': 1, 'Subreddit': 'stocks'}",,
HVBTF,,,,"{'Score': 11, 'Mention': 1, 'Subreddit': 'StockMarket'}",,,
SID,,,,"{'Score': 11, 'Mention': 1, 'Subreddit': 'StockMarket'}",,,
EMA,,,,"{'Score': 11, 'Mention': 1, 'Subreddit': 'StockMarket'}","{'Score': 6, 'Mention': 1, 'Subreddit': 'stocks'}",,"{'Score': 4133, 'Mention': 2, 'Subreddit': 'wallstreetbets'}"
UNM,,,,"{'Score': 11, 'Mention': 1, 'Subreddit': 'StockMarket'}",,,
CSN,,,,"{'Score': 11, 'Mention': 1, 'Subreddit': 'StockMarket'}",,,
PLTR,,,,"{'Score': 90, 'Mention': 1, 'Subreddit': 'StockMarket'}","{'Score': 4, 'Mention': 1, 'Subreddit': 'stocks'}",,"{'Score': 1836, 'Mention': 7, 'Subreddit': 'wallstreetbets'}"
PRE,,,,"{'Score': 90, 'Mention': 1, 'Subreddit': 'StockMarket'}",,,
GPN,,,,"{'Score': 90, 'Mention': 1, 'Subreddit': 'StockMarket'}",,,
ALGO,,,,"{'Score': 90, 'Mention': 1, 'Subreddit': 'StockMarket'}",,,
ARKK,,,,"{'Score': 6, 'Mention': 1, 'Subreddit': 'StockMarket'}","{'Score': 29, 'Mention': 3, 'Subreddit': 'stocks'}","{'Score': 25, 'Mention': 1, 'Subreddit': 'investing'}",
DNA,,,,"{'Score': 6, 'Mention': 1, 'Subreddit': 'StockMarket'}","{'Score': 11, 'Mention': 1, 'Subreddit': 'stocks'}",,"{'Score': 85, 'Mention': 2, 'Subreddit': 'wallstreetbets'}"
CFA,,,,"{'Score': 6, 'Mention': 1, 'Subreddit': 'StockMarket'}",,,
DOI,,,,"{'Score': 6, 'Mention': 1, 'Subreddit': 'StockMarket'}",,,
MBA,,,,"{'Score': 6, 'Mention': 1, 'Subreddit': 'StockMarket'}",,,
TOPIC,,,,"{'Score': 6, 'Mention': 1, 'Subreddit': 'StockMarket'}",,,
FCID,,,,"{'Score': 6, 'Mention': 1, 'Subreddit': 'StockMarket'}",,,
ADNAX,,,,"{'Score': 6, 'Mention': 1, 'Subreddit': 'StockMarket'}",,,
MORE,,,,"{'Score': 6, 'Mention': 1, 'Subreddit': 'StockMarket'}",,,"{'Score': 243, 'Mention': 3, 'Subreddit': 'wallstreetbets'}"
APTV,,,,"{'Score': 13, 'Mention': 1, 'Subreddit': 'StockMarket'}","{'Score': 28, 'Mention': 1, 'Subreddit': 'stocks'}",,
GOOG,,,,"{'Score': 13, 'Mention': 1, 'Subreddit': 'StockMarket'}","{'Score': 92, 'Mention': 4, 'Subreddit': 'stocks'}",,
SNAP,,,,"{'Score': 13, 'Mention': 1, 'Subreddit': 'StockMarket'}","{'Score': 28, 'Mention': 1, 'Subreddit': 'stocks'}",,
UBER,,,,"{'Score': 13, 'Mention': 1, 'Subreddit': 'StockMarket'}","{'Score': 28, 'Mention': 1, 'Subreddit': 'stocks'}",,
AAPL,,,,"{'Score': 13, 'Mention': 1, 'Subreddit': 'StockMarket'}","{'Score': 294, 'Mention': 7, 'Subreddit': 'stocks'}",,"{'Score': 119, 'Mention': 3, 'Subreddit': 'wallstreetbets'}"
DIA,,,,"{'Score': 13, 'Mention': 1, 'Subreddit': 'StockMarket'}","{'Score': 28, 'Mention': 1, 'Subreddit': 'stocks'}",,"{'Score': 14, 'Mention': 1, 'Subreddit': 'wallstreetbets'}"
ADS,,,,"{'Score': 13, 'Mention': 1, 'Subreddit': 'StockMarket'}","{'Score': 28, 'Mention': 1, 'Subreddit': 'stocks'}",,
NKE,,,,"{'Score': 13, 'Mention': 1, 'Subreddit': 'StockMarket'}","{'Score': 28, 'Mention': 1, 'Subreddit': 'stocks'}",,
GOOGL,,,,"{'Score': 13, 'Mention': 1, 'Subreddit': 'StockMarket'}","{'Score': 28, 'Mention': 1, 'Subreddit': 'stocks'}",,
HSBC,,,,"{'Score': 13, 'Mention': 1, 'Subreddit': 'StockMarket'}","{'Score': 28, 'Mention': 1, 'Subreddit': 'stocks'}",,
NUVA,,,,"{'Score': 13, 'Mention': 1, 'Subreddit': 'StockMarket'}","{'Score': 28, 'Mention': 1, 'Subreddit': 'stocks'}",,
SMA,,,,"{'Score': 9, 'Mention': 1, 'Subreddit': 'StockMarket'}",,,
CARA,,,,"{'Score': 7, 'Mention': 1, 'Subreddit': 'StockMarket'}",,,
GAMMA,,,,"{'Score': 4, 'Mention': 1, 'Subreddit': 'StockMarket'}",,,
MSO,,,,"{'Score': 5, 'Mention': 1, 'Subreddit': 'StockMarket'}",,,"{'Score': 17, 'Mention': 1, 'Subreddit': 'wallstreetbets'}"
DOVER,,,,"{'Score': 5, 'Mention': 1, 'Subreddit': 'StockMarket'}",,,
FIRE,,,,"{'Score': 5, 'Mention': 1, 'Subreddit': 'StockMarket'}",,,
RXM,,,,"{'Score': 29, 'Mention': 1, 'Subreddit': 'StockMarket'}",,,
RXMD,,,,"{'Score': 29, 'Mention': 1, 'Subreddit': 'StockMarket'}",,,
QELL,,,,"{'Score': 29, 'Mention': 1, 'Subreddit': 'StockMarket'}",,,
ZKIN,,,,"{'Score': 4, 'Mention': 1, 'Subreddit': 'StockMarket'}","{'Score': 6, 'Mention': 1, 'Subreddit': 'stocks'}",,
YES,,,,"{'Score': 4, 'Mention': 1, 'Subreddit': 'StockMarket'}",,,
ORD,,,,"{'Score': 4, 'Mention': 1, 'Subreddit': 'StockMarket'}",,,
FEDS,,,,"{'Score': 5, 'Mention': 1, 'Subreddit': 'StockMarket'}",,,
PAYS,,,,"{'Score': 4, 'Mention': 1, 'Subreddit': 'StockMarket'}",,,
LYXOR,,,,"{'Score': 4, 'Mention': 1, 'Subreddit': 'StockMarket'}",,,
DFV,,,,"{'Score': 15, 'Mention': 2, 'Subreddit': 'StockMarket'}",,,
THCX,,,,"{'Score': 13, 'Mention': 1, 'Subreddit': 'StockMarket'}",,,
NYS,,,,"{'Score': 13, 'Mention': 1, 'Subreddit': 'StockMarket'}",,,
ABCM,,,,"{'Score': 6, 'Mention': 1, 'Subreddit': 'StockMarket'}",,,
FXR,,,,"{'Score': 9, 'Mention': 1, 'Subreddit': 'StockMarket'}",,,
CGC,,,,"{'Score': 24, 'Mention': 1, 'Subreddit': 'StockMarket'}",,,
OTCPK,,,,"{'Score': 24, 'Mention': 1, 'Subreddit': 'StockMarket'}",,,
HEXO,,,,"{'Score': 24, 'Mention': 1, 'Subreddit': 'StockMarket'}",,,
MMNFF,,,,"{'Score': 24, 'Mention': 1, 'Subreddit': 'StockMarket'}",,,
BILL,,,,"{'Score': 24, 'Mention': 1, 'Subreddit': 'StockMarket'}",,,
CRON,,,,"{'Score': 24, 'Mention': 1, 'Subreddit': 'StockMarket'}",,,
OGI,,,,"{'Score': 24, 'Mention': 1, 'Subreddit': 'StockMarket'}",,,
ACRHF,,,,"{'Score': 24, 'Mention': 1, 'Subreddit': 'StockMarket'}",,,
GTBIF,,,,"{'Score': 24, 'Mention': 1, 'Subreddit': 'StockMarket'}",,,
CRLBF,,,,"{'Score': 24, 'Mention': 1, 'Subreddit': 'StockMarket'}",,,
TCNNF,,,,"{'Score': 24, 'Mention': 1, 'Subreddit': 'StockMarket'}",,,
CURLF,,,,"{'Score': 24, 'Mention': 1, 'Subreddit': 'StockMarket'}",,,
HRVSF,,,,"{'Score': 24, 'Mention': 1, 'Subreddit': 'StockMarket'}",,,
ACB,,,,"{'Score': 24, 'Mention': 1, 'Subreddit': 'StockMarket'}",,,
ALB,,,,"{'Score': 10, 'Mention': 1, 'Subreddit': 'StockMarket'}",,,
PLL,,,,"{'Score': 10, 'Mention': 1, 'Subreddit': 'StockMarket'}",,,
DEAL,,,,"{'Score': 10, 'Mention': 1, 'Subreddit': 'StockMarket'}",,,
EWS,,,,"{'Score': 4, 'Mention': 1, 'Subreddit': 'StockMarket'}","{'Score': 4, 'Mention': 1, 'Subreddit': 'stocks'}",,
RCI-B,,,,"{'Score': 4, 'Mention': 1, 'Subreddit': 'StockMarket'}","{'Score': 4, 'Mention': 1, 'Subreddit': 'stocks'}",,
TFSA,,,,"{'Score': 4, 'Mention': 1, 'Subreddit': 'StockMarket'}","{'Score': 4, 'Mention': 1, 'Subreddit': 'stocks'}",,
QUIS,,,,"{'Score': 4, 'Mention': 1, 'Subreddit': 'StockMarket'}","{'Score': 4, 'Mention': 1, 'Subreddit': 'stocks'}",,
WFG,,,,"{'Score': 4, 'Mention': 1, 'Subreddit': 'StockMarket'}","{'Score': 4, 'Mention': 1, 'Subreddit': 'stocks'}",,
CMC,,,,"{'Score': 4, 'Mention': 1, 'Subreddit': 'StockMarket'}","{'Score': 4, 'Mention': 1, 'Subreddit': 'stocks'}",,
AQN,,,,"{'Score': 4, 'Mention': 1, 'Subreddit': 'StockMarket'}","{'Score': 4, 'Mention': 1, 'Subreddit': 'stocks'}",,
SCR,,,,"{'Score': 4, 'Mention': 1, 'Subreddit': 'StockMarket'}","{'Score': 4, 'Mention': 1, 'Subreddit': 'stocks'}",,
RRSP,,,,"{'Score': 4, 'Mention': 1, 'Subreddit': 'StockMarket'}","{'Score': 4, 'Mention': 1, 'Subreddit': 'stocks'}",,
DIV,,,,"{'Score': 4, 'Mention': 1, 'Subreddit': 'StockMarket'}","{'Score': 4, 'Mention': 1, 'Subreddit': 'stocks'}",,
RECAP,,,,"{'Score': 7, 'Mention': 1, 'Subreddit': 'StockMarket'}",,,
NSCC,,,,"{'Score': 6, 'Mention': 1, 'Subreddit': 'StockMarket'}","{'Score': 11, 'Mention': 1, 'Subreddit': 'stocks'}",,
HATES,,,,"{'Score': 8, 'Mention': 1, 'Subreddit': 'StockMarket'}",,,
NMR,,,,"{'Score': 9, 'Mention': 1, 'Subreddit': 'StockMarket'}","{'Score': 275, 'Mention': 2, 'Subreddit': 'stocks'}",,
TGT,,,,"{'Score': 9, 'Mention': 1, 'Subreddit': 'StockMarket'}","{'Score': 266, 'Mention': 1, 'Subreddit': 'stocks'}",,
TFC,,,,"{'Score': 9, 'Mention': 1, 'Subreddit': 'StockMarket'}","{'Score': 266, 'Mention': 1, 'Subreddit': 'stocks'}",,
DISC,,,,"{'Score': 9, 'Mention': 1, 'Subreddit': 'StockMarket'}","{'Score': 266, 'Mention': 1, 'Subreddit': 'stocks'}",,"{'Score': 105, 'Mention': 2, 'Subreddit': 'wallstreetbets'}"
SOLO,,,,"{'Score': 9, 'Mention': 1, 'Subreddit': 'StockMarket'}",,,
SVB,,,,"{'Score': 9, 'Mention': 1, 'Subreddit': 'StockMarket'}","{'Score': 266, 'Mention': 1, 'Subreddit': 'stocks'}",,
ABBV,,,,"{'Score': 9, 'Mention': 1, 'Subreddit': 'StockMarket'}","{'Score': 266, 'Mention': 1, 'Subreddit': 'stocks'}",,
LAMR,,,,"{'Score': 9, 'Mention': 1, 'Subreddit': 'StockMarket'}","{'Score': 266, 'Mention': 1, 'Subreddit': 'stocks'}",,
ARKX,,,,"{'Score': 9, 'Mention': 1, 'Subreddit': 'StockMarket'}","{'Score': 219, 'Mention': 3, 'Subreddit': 'stocks'}",,"{'Score': 60, 'Mention': 1, 'Subreddit': 'wallstreetbets'}"
DKNG,,,,"{'Score': 9, 'Mention': 1, 'Subreddit': 'StockMarket'}","{'Score': 266, 'Mention': 1, 'Subreddit': 'stocks'}",,"{'Score': 54, 'Mention': 1, 'Subreddit': 'wallstreetbets'}"
SPOT,,,,"{'Score': 9, 'Mention': 1, 'Subreddit': 'StockMarket'}","{'Score': 266, 'Mention': 1, 'Subreddit': 'stocks'}",,
DBX,,,,"{'Score': 6, 'Mention': 1, 'Subreddit': 'StockMarket'}",,,
CRWD,,,,"{'Score': 5, 'Mention': 1, 'Subreddit': 'StockMarket'}",,,"{'Score': 130, 'Mention': 1, 'Subreddit': 'wallstreetbets'}"
PACB,,,,"{'Score': 5, 'Mention': 1, 'Subreddit': 'StockMarket'}","{'Score': 31, 'Mention': 3, 'Subreddit': 'stocks'}","{'Score': 25, 'Mention': 1, 'Subreddit': 'investing'}",
POW,,,,"{'Score': 4, 'Mention': 1, 'Subreddit': 'StockMarket'}",,,
STILL,,,,"{'Score': 6, 'Mention': 1, 'Subreddit': 'StockMarket'}",,,
ANY,,,,"{'Score': 6, 'Mention': 1, 'Subreddit': 'StockMarket'}",,,
MRVI,,,,"{'Score': 5, 'Mention': 1, 'Subreddit': 'StockMarket'}",,,
UBJ,,,,"{'Score': 6, 'Mention': 1, 'Subreddit': 'StockMarket'}","{'Score': 105, 'Mention': 1, 'Subreddit': 'stocks'}",,
WSB,,,,"{'Score': 11, 'Mention': 2, 'Subreddit': 'StockMarket'}",,,"{'Score': 2385, 'Mention': 15, 'Subreddit': 'wallstreetbets'}"
LOVED,,,,"{'Score': 4, 'Mention': 1, 'Subreddit': 'StockMarket'}",,,
ROKU,,,,"{'Score': 15, 'Mention': 1, 'Subreddit': 'StockMarket'}",,,"{'Score': 68, 'Mention': 1, 'Subreddit': 'wallstreetbets'}"
ONTX,,,,"{'Score': 7, 'Mention': 1, 'Subreddit': 'StockMarket'}",,,
FUD,,,,"{'Score': 7, 'Mention': 1, 'Subreddit': 'StockMarket'}",,,
OUCH,,,,"{'Score': 7, 'Mention': 1, 'Subreddit': 'StockMarket'}",,,
SVRA,,,,,"{'Score': 5, 'Mention': 1, 'Subreddit': 'stocks'}",,
WSJ,,,,,"{'Score': 5, 'Mention': 1, 'Subreddit': 'stocks'}",,
AMZN,,,,,"{'Score': 1228, 'Mention': 3, 'Subreddit': 'stocks'}",,"{'Score': 20, 'Mention': 1, 'Subreddit': 'wallstreetbets'}"
HORAC,,,,,"{'Score': 52, 'Mention': 1, 'Subreddit': 'stocks'}",,
WISH,,,,,"{'Score': 6, 'Mention': 1, 'Subreddit': 'stocks'}",,
MDB,,,,,"{'Score': 5, 'Mention': 1, 'Subreddit': 'stocks'}",,
JOAN,,,,,"{'Score': 6, 'Mention': 1, 'Subreddit': 'stocks'}",,
OHLC,,,,,"{'Score': 14, 'Mention': 1, 'Subreddit': 'stocks'}",,
OTM,,,,,"{'Score': 28, 'Mention': 2, 'Subreddit': 'stocks'}",,"{'Score': 14, 'Mention': 1, 'Subreddit': 'wallstreetbets'}"
CHAT,,,,,"{'Score': 23, 'Mention': 2, 'Subreddit': 'stocks'}",,
TCGYT,,,,,"{'Score': 23, 'Mention': 2, 'Subreddit': 'stocks'}",,
WWW-NC,,,,,"{'Score': 23, 'Mention': 2, 'Subreddit': 'stocks'}",,
ORG,,,,,"{'Score': 23, 'Mention': 2, 'Subreddit': 'stocks'}",,
HOME,,,,,"{'Score': 23, 'Mention': 2, 'Subreddit': 'stocks'}",,
TALK,,,,,"{'Score': 23, 'Mention': 2, 'Subreddit': 'stocks'}",,
HON,,,,,"{'Score': 6, 'Mention': 1, 'Subreddit': 'stocks'}",,"{'Score': 54, 'Mention': 1, 'Subreddit': 'wallstreetbets'}"
MMM,,,,,"{'Score': 6, 'Mention': 1, 'Subreddit': 'stocks'}",,
UNP,,,,,"{'Score': 6, 'Mention': 1, 'Subreddit': 'stocks'}",,
BTW,,,,,"{'Score': 5, 'Mention': 1, 'Subreddit': 'stocks'}",,"{'Score': 425, 'Mention': 1, 'Subreddit': 'wallstreetbets'}"
TBA,,,,,"{'Score': 7, 'Mention': 1, 'Subreddit': 'stocks'}",,
CCI,,,,,"{'Score': 7, 'Mention': 1, 'Subreddit': 'stocks'}",,
DISCB,,,,,"{'Score': 20, 'Mention': 3, 'Subreddit': 'stocks'}",,"{'Score': 1695, 'Mention': 6, 'Subreddit': 'wallstreetbets'}"
DISCA,,,,,"{'Score': 20, 'Mention': 3, 'Subreddit': 'stocks'}",,"{'Score': 357, 'Mention': 8, 'Subreddit': 'wallstreetbets'}"
DISCK,,,,,"{'Score': 12, 'Mention': 2, 'Subreddit': 'stocks'}",,
DRIP,,,,,"{'Score': 7, 'Mention': 1, 'Subreddit': 'stocks'}",,
AAA,,,,,"{'Score': 20, 'Mention': 1, 'Subreddit': 'stocks'}",,
SKLZ,,,,,"{'Score': 20, 'Mention': 1, 'Subreddit': 'stocks'}",,
SDK,,,,,"{'Score': 20, 'Mention': 1, 'Subreddit': 'stocks'}",,
VALE,,,,,"{'Score': 4, 'Mention': 1, 'Subreddit': 'stocks'}",,
FUBO,,,,,"{'Score': 20, 'Mention': 1, 'Subreddit': 'stocks'}",,"{'Score': 60, 'Mention': 1, 'Subreddit': 'wallstreetbets'}"
ARKG,,,,,"{'Score': 29, 'Mention': 3, 'Subreddit': 'stocks'}","{'Score': 25, 'Mention': 1, 'Subreddit': 'investing'}",
AZN,,,,,"{'Score': 7, 'Mention': 1, 'Subreddit': 'stocks'}",,
FINAL,,,,,"{'Score': 34, 'Mention': 1, 'Subreddit': 'stocks'}",,
RTX,,,,,"{'Score': 4, 'Mention': 1, 'Subreddit': 'stocks'}",,"{'Score': 60, 'Mention': 1, 'Subreddit': 'wallstreetbets'}"
CIIC,,,,,"{'Score': 7, 'Mention': 1, 'Subreddit': 'stocks'}",,
AEVA,,,,,"{'Score': 7, 'Mention': 1, 'Subreddit': 'stocks'}",,
CMLF,,,,,"{'Score': 7, 'Mention': 1, 'Subreddit': 'stocks'}",,
NVVE,,,,,"{'Score': 7, 'Mention': 1, 'Subreddit': 'stocks'}",,
SPACS,,,,,"{'Score': 48, 'Mention': 2, 'Subreddit': 'stocks'}",,"{'Score': 60, 'Mention': 1, 'Subreddit': 'wallstreetbets'}"
ARVL,,,,,"{'Score': 7, 'Mention': 1, 'Subreddit': 'stocks'}",,
IPOE,,,,,"{'Score': 14, 'Mention': 2, 'Subreddit': 'stocks'}",,
MSOS,,,,,"{'Score': 9, 'Mention': 1, 'Subreddit': 'stocks'}",,
POTX,,,,,"{'Score': 9, 'Mention': 1, 'Subreddit': 'stocks'}",,
QNX,,,,,"{'Score': 120, 'Mention': 1, 'Subreddit': 'stocks'}",,"{'Score': 66, 'Mention': 1, 'Subreddit': 'wallstreetbets'}"
IVY,,,,,"{'Score': 120, 'Mention': 1, 'Subreddit': 'stocks'}",,"{'Score': 261, 'Mention': 2, 'Subreddit': 'wallstreetbets'}"
OMG,,,,,"{'Score': 120, 'Mention': 1, 'Subreddit': 'stocks'}",,
SLI,,,,,"{'Score': 50, 'Mention': 1, 'Subreddit': 'stocks'}",,
PSFE,,,,,"{'Score': 79, 'Mention': 1, 'Subreddit': 'stocks'}",,"{'Score': 72, 'Mention': 3, 'Subreddit': 'wallstreetbets'}"
BFT,,,,,"{'Score': 79, 'Mention': 1, 'Subreddit': 'stocks'}",,
VUSA,,,,,"{'Score': 6, 'Mention': 1, 'Subreddit': 'stocks'}",,
INRG,,,,,"{'Score': 6, 'Mention': 1, 'Subreddit': 'stocks'}",,
VFEM,,,,,"{'Score': 6, 'Mention': 1, 'Subreddit': 'stocks'}",,
CTRE,,,,,"{'Score': 162, 'Mention': 1, 'Subreddit': 'stocks'}",,
WMS,,,,,"{'Score': 162, 'Mention': 1, 'Subreddit': 'stocks'}",,
FANUY,,,,,"{'Score': 162, 'Mention': 1, 'Subreddit': 'stocks'}",,
CMCSA,,,,,"{'Score': 162, 'Mention': 1, 'Subreddit': 'stocks'}",,
ROAD,,,,,"{'Score': 162, 'Mention': 1, 'Subreddit': 'stocks'}",,
BOTZ,,,,,"{'Score': 162, 'Mention': 1, 'Subreddit': 'stocks'}",,
ETFS,,,,,"{'Score': 162, 'Mention': 1, 'Subreddit': 'stocks'}",,
UUUU,,,,,"{'Score': 162, 'Mention': 1, 'Subreddit': 'stocks'}",,
PHM,,,,,"{'Score': 162, 'Mention': 1, 'Subreddit': 'stocks'}",,
IRDM,,,,,"{'Score': 162, 'Mention': 1, 'Subreddit': 'stocks'}",,
PNR,,,,,"{'Score': 162, 'Mention': 1, 'Subreddit': 'stocks'}",,
ABB,,,,,"{'Score': 162, 'Mention': 1, 'Subreddit': 'stocks'}",,
NEE,,,,,"{'Score': 162, 'Mention': 1, 'Subreddit': 'stocks'}",,
SEDG,,,,,"{'Score': 193, 'Mention': 2, 'Subreddit': 'stocks'}",,
AFAIK,,,,,"{'Score': 162, 'Mention': 1, 'Subreddit': 'stocks'}",,
FIW,,,,,"{'Score': 162, 'Mention': 1, 'Subreddit': 'stocks'}",,
REIT,,,,,"{'Score': 162, 'Mention': 1, 'Subreddit': 'stocks'}",,
PHO,,,,,"{'Score': 162, 'Mention': 1, 'Subreddit': 'stocks'}",,
ALF,,,,,"{'Score': 162, 'Mention': 1, 'Subreddit': 'stocks'}",,
BKD,,,,,"{'Score': 162, 'Mention': 1, 'Subreddit': 'stocks'}",,
CPSH,,,,,"{'Score': 162, 'Mention': 1, 'Subreddit': 'stocks'}",,
XLI,,,,,"{'Score': 162, 'Mention': 1, 'Subreddit': 'stocks'}",,
VSAT,,,,,"{'Score': 162, 'Mention': 1, 'Subreddit': 'stocks'}",,
AWT,,,,,"{'Score': 162, 'Mention': 1, 'Subreddit': 'stocks'}",,
BEEM,,,,,"{'Score': 162, 'Mention': 1, 'Subreddit': 'stocks'}",,
NVR,,,,,"{'Score': 162, 'Mention': 1, 'Subreddit': 'stocks'}",,
VMC,,,,,"{'Score': 162, 'Mention': 1, 'Subreddit': 'stocks'}",,
NUE,,,,,"{'Score': 162, 'Mention': 1, 'Subreddit': 'stocks'}",,
ROK,,,,,"{'Score': 162, 'Mention': 1, 'Subreddit': 'stocks'}",,
CSU,,,,,"{'Score': 162, 'Mention': 1, 'Subreddit': 'stocks'}",,
KBH,,,,,"{'Score': 162, 'Mention': 1, 'Subreddit': 'stocks'}",,
LEN,,,,,"{'Score': 162, 'Mention': 1, 'Subreddit': 'stocks'}",,
SNF,,,,,"{'Score': 162, 'Mention': 1, 'Subreddit': 'stocks'}",,
IFRA,,,,,"{'Score': 162, 'Mention': 1, 'Subreddit': 'stocks'}",,
FSLR,,,,,"{'Score': 193, 'Mention': 2, 'Subreddit': 'stocks'}",,
TMUS,,,,,"{'Score': 162, 'Mention': 1, 'Subreddit': 'stocks'}",,
LIT,,,,,"{'Score': 162, 'Mention': 1, 'Subreddit': 'stocks'}",,
CPS,,,,,"{'Score': 162, 'Mention': 1, 'Subreddit': 'stocks'}",,
VTR,,,,,"{'Score': 162, 'Mention': 1, 'Subreddit': 'stocks'}",,
PAVE,,,,,"{'Score': 162, 'Mention': 1, 'Subreddit': 'stocks'}",,"{'Score': 151, 'Mention': 1, 'Subreddit': 'wallstreetbets'}"
CMCO,,,,,"{'Score': 162, 'Mention': 1, 'Subreddit': 'stocks'}",,
FVE,,,,,"{'Score': 162, 'Mention': 1, 'Subreddit': 'stocks'}",,
ENPH,,,,,"{'Score': 193, 'Mention': 2, 'Subreddit': 'stocks'}",,
DHI,,,,,"{'Score': 162, 'Mention': 1, 'Subreddit': 'stocks'}",,
MUCH,,,,,"{'Score': 7, 'Mention': 1, 'Subreddit': 'stocks'}",,
DAL,,,,,"{'Score': 6, 'Mention': 1, 'Subreddit': 'stocks'}",,"{'Score': 24, 'Mention': 1, 'Subreddit': 'wallstreetbets'}"
UAL,,,,,"{'Score': 6, 'Mention': 1, 'Subreddit': 'stocks'}",,
BNTX,,,,,"{'Score': 51, 'Mention': 1, 'Subreddit': 'stocks'}",,
QTD,,,,,"{'Score': 51, 'Mention': 1, 'Subreddit': 'stocks'}",,
SALT,,,,,"{'Score': 51, 'Mention': 1, 'Subreddit': 'stocks'}",,
HOG,,,,,"{'Score': 51, 'Mention': 1, 'Subreddit': 'stocks'}",,
DXY,,,,,"{'Score': 51, 'Mention': 1, 'Subreddit': 'stocks'}",,
OPEC,,,,,"{'Score': 51, 'Mention': 1, 'Subreddit': 'stocks'}",,
ADP,,,,,"{'Score': 51, 'Mention': 1, 'Subreddit': 'stocks'}",,
LRCX,,,,,"{'Score': 51, 'Mention': 1, 'Subreddit': 'stocks'}",,
RMO,,,,,"{'Score': 51, 'Mention': 1, 'Subreddit': 'stocks'}",,
UBS,,,,,"{'Score': 199, 'Mention': 4, 'Subreddit': 'stocks'}",,"{'Score': 14, 'Mention': 1, 'Subreddit': 'wallstreetbets'}"
DASH,,,,,"{'Score': 51, 'Mention': 1, 'Subreddit': 'stocks'}",,
PVH,,,,,"{'Score': 51, 'Mention': 1, 'Subreddit': 'stocks'}",,
OLO,,,,,"{'Score': 51, 'Mention': 1, 'Subreddit': 'stocks'}",,
WTI,,,,,"{'Score': 51, 'Mention': 1, 'Subreddit': 'stocks'}",,
LBJ,,,,,"{'Score': 51, 'Mention': 1, 'Subreddit': 'stocks'}",,
FDR,,,,,"{'Score': 51, 'Mention': 1, 'Subreddit': 'stocks'}",,
FCF,,,,,"{'Score': 51, 'Mention': 1, 'Subreddit': 'stocks'}",,
TIDAL,,,,,"{'Score': 51, 'Mention': 1, 'Subreddit': 'stocks'}",,
PMI,,,,,"{'Score': 51, 'Mention': 1, 'Subreddit': 'stocks'}",,
PFE,,,,,"{'Score': 51, 'Mention': 1, 'Subreddit': 'stocks'}",,
EUA,,,,,"{'Score': 51, 'Mention': 1, 'Subreddit': 'stocks'}",,
WBA,,,,,"{'Score': 51, 'Mention': 1, 'Subreddit': 'stocks'}",,
AYI,,,,,"{'Score': 51, 'Mention': 1, 'Subreddit': 'stocks'}",,
EDR,,,,,"{'Score': 5, 'Mention': 1, 'Subreddit': 'stocks'}",,
VOO,,,,,"{'Score': 29, 'Mention': 4, 'Subreddit': 'stocks'}",,
API,,,,,"{'Score': 6, 'Mention': 1, 'Subreddit': 'stocks'}","{'Score': 31, 'Mention': 1, 'Subreddit': 'investing'}",
NAV,,,,,"{'Score': 6, 'Mention': 1, 'Subreddit': 'stocks'}","{'Score': 31, 'Mention': 1, 'Subreddit': 'investing'}",
TQQQ,,,,,"{'Score': 6, 'Mention': 1, 'Subreddit': 'stocks'}","{'Score': 31, 'Mention': 1, 'Subreddit': 'investing'}","{'Score': 34, 'Mention': 1, 'Subreddit': 'wallstreetbets'}"
IHRT,,,,,"{'Score': 5, 'Mention': 1, 'Subreddit': 'stocks'}",,
RISKY,,,,,"{'Score': 11, 'Mention': 1, 'Subreddit': 'stocks'}",,
COULD,,,,,"{'Score': 11, 'Mention': 1, 'Subreddit': 'stocks'}",,"{'Score': 23, 'Mention': 1, 'Subreddit': 'wallstreetbets'}"
ILMN,,,,,"{'Score': 31, 'Mention': 3, 'Subreddit': 'stocks'}","{'Score': 25, 'Mention': 1, 'Subreddit': 'investing'}",
TTM,,,,,"{'Score': 11, 'Mention': 1, 'Subreddit': 'stocks'}","{'Score': 13, 'Mention': 1, 'Subreddit': 'investing'}","{'Score': 11, 'Mention': 1, 'Subreddit': 'wallstreetbets'}"
HYLN,,,,,"{'Score': 11, 'Mention': 1, 'Subreddit': 'stocks'}",,
ADN,,,,,"{'Score': 11, 'Mention': 1, 'Subreddit': 'stocks'}",,
TWTR,,,,,"{'Score': 9, 'Mention': 1, 'Subreddit': 'stocks'}",,
FIFO,,,,,"{'Score': 28, 'Mention': 1, 'Subreddit': 'stocks'}",,
THAT,,,,,"{'Score': 28, 'Mention': 1, 'Subreddit': 'stocks'}",,
YTD,,,,,"{'Score': 310, 'Mention': 1, 'Subreddit': 'stocks'}",,
NOK,,,,,"{'Score': 341, 'Mention': 2, 'Subreddit': 'stocks'}",,
PSA,,,,,"{'Score': 310, 'Mention': 1, 'Subreddit': 'stocks'}",,"{'Score': 11, 'Mention': 1, 'Subreddit': 'wallstreetbets'}"
CDL,,,,,"{'Score': 11, 'Mention': 1, 'Subreddit': 'stocks'}",,
WERN,,,,,"{'Score': 11, 'Mention': 1, 'Subreddit': 'stocks'}",,
ISI,,,,,"{'Score': 11, 'Mention': 1, 'Subreddit': 'stocks'}",,
PFOF,,,,,"{'Score': 18, 'Mention': 1, 'Subreddit': 'stocks'}",,
NMTR,,,,,"{'Score': 13, 'Mention': 2, 'Subreddit': 'stocks'}",,
ICLN,,,,,"{'Score': 61, 'Mention': 2, 'Subreddit': 'stocks'}",,"{'Score': 24, 'Mention': 1, 'Subreddit': 'wallstreetbets'}"
DBB,,,,,"{'Score': 5, 'Mention': 1, 'Subreddit': 'stocks'}",,
BATS,,,,,"{'Score': 20, 'Mention': 1, 'Subreddit': 'stocks'}",,
JPY,,,,,"{'Score': 6, 'Mention': 1, 'Subreddit': 'stocks'}",,
NBA,,,,,"{'Score': 7, 'Mention': 1, 'Subreddit': 'stocks'}","{'Score': 5, 'Mention': 1, 'Subreddit': 'investing'}",
APPL,,,,,"{'Score': 1125, 'Mention': 1, 'Subreddit': 'stocks'}",,
SONO,,,,,"{'Score': 1125, 'Mention': 1, 'Subreddit': 'stocks'}",,
SMALL,,,,,"{'Score': 20, 'Mention': 1, 'Subreddit': 'stocks'}",,
VERY,,,,,"{'Score': 20, 'Mention': 1, 'Subreddit': 'stocks'}",,
NEVER,,,,,"{'Score': 128, 'Mention': 2, 'Subreddit': 'stocks'}",,"{'Score': 1119, 'Mention': 1, 'Subreddit': 'wallstreetbets'}"
FTC,,,,,"{'Score': 20, 'Mention': 2, 'Subreddit': 'stocks'}","{'Score': 25, 'Mention': 1, 'Subreddit': 'investing'}",
IRA,,,,,"{'Score': 14, 'Mention': 2, 'Subreddit': 'stocks'}","{'Score': 10, 'Mention': 1, 'Subreddit': 'investing'}",
BND,,,,,"{'Score': 8, 'Mention': 1, 'Subreddit': 'stocks'}",,
RED,,,,,"{'Score': 108, 'Mention': 1, 'Subreddit': 'stocks'}",,
FREQ,,,,,"{'Score': 7, 'Mention': 1, 'Subreddit': 'stocks'}",,
CPP,,,,,"{'Score': 7, 'Mention': 1, 'Subreddit': 'stocks'}",,
SOFI,,,,,"{'Score': 7, 'Mention': 1, 'Subreddit': 'stocks'}",,
PRC,,,,,"{'Score': 7, 'Mention': 1, 'Subreddit': 'stocks'}",,
CCP,,,,,"{'Score': 7, 'Mention': 1, 'Subreddit': 'stocks'}",,
FUTU,,,,,"{'Score': 7, 'Mention': 1, 'Subreddit': 'stocks'}",,
SEA,,,,,"{'Score': 7, 'Mention': 1, 'Subreddit': 'stocks'}",,
CNN,,,,,"{'Score': 6, 'Mention': 1, 'Subreddit': 'stocks'}",,
GUY,,,,,"{'Score': 6, 'Mention': 1, 'Subreddit': 'stocks'}",,
MOVER,,,,,"{'Score': 6, 'Mention': 1, 'Subreddit': 'stocks'}",,
NAIC,,,,,"{'Score': 6, 'Mention': 1, 'Subreddit': 'stocks'}",,
GDP,,,,,"{'Score': 6, 'Mention': 1, 'Subreddit': 'stocks'}",,"{'Score': 14, 'Mention': 1, 'Subreddit': 'wallstreetbets'}"
PPIH,,,,,"{'Score': 6, 'Mention': 1, 'Subreddit': 'stocks'}",,
MCED,,,,,"{'Score': 11, 'Mention': 1, 'Subreddit': 'stocks'}",,
EXAS,,,,,"{'Score': 11, 'Mention': 1, 'Subreddit': 'stocks'}",,
HAS,,,,,"{'Score': 6, 'Mention': 1, 'Subreddit': 'stocks'}",,"{'Score': 38, 'Mention': 1, 'Subreddit': 'wallstreetbets'}"
AMN,,,,,"{'Score': 6, 'Mention': 1, 'Subreddit': 'stocks'}",,
RLGY,,,,,"{'Score': 6, 'Mention': 1, 'Subreddit': 'stocks'}",,"{'Score': 4, 'Mention': 1, 'Subreddit': 'wallstreetbets'}"
GMRE,,,,,"{'Score': 6, 'Mention': 1, 'Subreddit': 'stocks'}",,
TAD,,,,,"{'Score': 6, 'Mention': 1, 'Subreddit': 'stocks'}",,
SPH,,,,,"{'Score': 6, 'Mention': 1, 'Subreddit': 'stocks'}",,
GMDA,,,,,"{'Score': 6, 'Mention': 1, 'Subreddit': 'stocks'}",,
JAZZ,,,,,"{'Score': 6, 'Mention': 1, 'Subreddit': 'stocks'}",,
RDUS,,,,,"{'Score': 6, 'Mention': 1, 'Subreddit': 'stocks'}",,
MJK,,,,,"{'Score': 424, 'Mention': 1, 'Subreddit': 'stocks'}",,
GENI,,,,,"{'Score': 424, 'Mention': 1, 'Subreddit': 'stocks'}",,
SWYC,,,,,"{'Score': 424, 'Mention': 1, 'Subreddit': 'stocks'}",,
SLS,,,,,"{'Score': 424, 'Mention': 1, 'Subreddit': 'stocks'}",,
MRO,,,,,"{'Score': 6, 'Mention': 1, 'Subreddit': 'stocks'}",,"{'Score': 37, 'Mention': 2, 'Subreddit': 'wallstreetbets'}"
BLK,,,,,"{'Score': 31, 'Mention': 1, 'Subreddit': 'stocks'}",,
CELL,,,,,"{'Score': 31, 'Mention': 1, 'Subreddit': 'stocks'}",,
CASH,,,,,"{'Score': 31, 'Mention': 1, 'Subreddit': 'stocks'}",,
ADR,,,,,"{'Score': 35, 'Mention': 2, 'Subreddit': 'stocks'}",,
CLASS,,,,,"{'Score': 31, 'Mention': 1, 'Subreddit': 'stocks'}",,"{'Score': 20, 'Mention': 1, 'Subreddit': 'wallstreetbets'}"
SLR,,,,,"{'Score': 39, 'Mention': 2, 'Subreddit': 'stocks'}",,"{'Score': 1906, 'Mention': 2, 'Subreddit': 'wallstreetbets'}"
SCATC,,,,,"{'Score': 31, 'Mention': 1, 'Subreddit': 'stocks'}",,
ENLT,,,,,"{'Score': 31, 'Mention': 1, 'Subreddit': 'stocks'}",,
REGI,,,,,"{'Score': 31, 'Mention': 1, 'Subreddit': 'stocks'}",,
VWS,,,,,"{'Score': 31, 'Mention': 1, 'Subreddit': 'stocks'}",,
EDP,,,,,"{'Score': 31, 'Mention': 1, 'Subreddit': 'stocks'}",,
NOVA,,,,,"{'Score': 31, 'Mention': 1, 'Subreddit': 'stocks'}",,
DAQO,,,,,"{'Score': 31, 'Mention': 1, 'Subreddit': 'stocks'}",,
SEK,,,,,"{'Score': 31, 'Mention': 1, 'Subreddit': 'stocks'}",,
JUN,,,,,"{'Score': 31, 'Mention': 1, 'Subreddit': 'stocks'}",,
HBCFT,,,,,"{'Score': 31, 'Mention': 1, 'Subreddit': 'stocks'}",,
ILS,,,,,"{'Score': 31, 'Mention': 1, 'Subreddit': 'stocks'}",,
POWER,,,,,"{'Score': 31, 'Mention': 1, 'Subreddit': 'stocks'}",,
MEL,,,,,"{'Score': 31, 'Mention': 1, 'Subreddit': 'stocks'}",,
ORMAT,,,,,"{'Score': 31, 'Mention': 1, 'Subreddit': 'stocks'}",,
CSIQ,,,,,"{'Score': 31, 'Mention': 1, 'Subreddit': 'stocks'}",,
CEN,,,,,"{'Score': 31, 'Mention': 1, 'Subreddit': 'stocks'}",,
NEOEN,,,,,"{'Score': 31, 'Mention': 1, 'Subreddit': 'stocks'}",,
MINAS,,,,,"{'Score': 31, 'Mention': 1, 'Subreddit': 'stocks'}",,
EUR,,,,,"{'Score': 31, 'Mention': 1, 'Subreddit': 'stocks'}",,"{'Score': 50, 'Mention': 1, 'Subreddit': 'wallstreetbets'}"
MEDIO,,,,,"{'Score': 31, 'Mention': 1, 'Subreddit': 'stocks'}",,
BLX,,,,,"{'Score': 31, 'Mention': 1, 'Subreddit': 'stocks'}",,
ORA,,,,,"{'Score': 31, 'Mention': 1, 'Subreddit': 'stocks'}",,
ELP,,,,,"{'Score': 31, 'Mention': 1, 'Subreddit': 'stocks'}",,
FIRST,,,,,"{'Score': 31, 'Mention': 1, 'Subreddit': 'stocks'}",,"{'Score': 47, 'Mention': 3, 'Subreddit': 'wallstreetbets'}"
NEODS,,,,,"{'Score': 31, 'Mention': 1, 'Subreddit': 'stocks'}",,
EDPR,,,,,"{'Score': 31, 'Mention': 1, 'Subreddit': 'stocks'}",,
WIND,,,,,"{'Score': 31, 'Mention': 1, 'Subreddit': 'stocks'}",,
PCELL,,,,,"{'Score': 31, 'Mention': 1, 'Subreddit': 'stocks'}",,
HKD,,,,,"{'Score': 31, 'Mention': 1, 'Subreddit': 'stocks'}",,
DKK,,,,,"{'Score': 31, 'Mention': 1, 'Subreddit': 'stocks'}",,
LTD,,,,,"{'Score': 31, 'Mention': 1, 'Subreddit': 'stocks'}",,
SGRE,,,,,"{'Score': 31, 'Mention': 1, 'Subreddit': 'stocks'}",,
KRW,,,,,"{'Score': 31, 'Mention': 1, 'Subreddit': 'stocks'}",,
RUN,,,,,"{'Score': 31, 'Mention': 1, 'Subreddit': 'stocks'}",,
CSH,,,,,"{'Score': 31, 'Mention': 1, 'Subreddit': 'stocks'}",,
XINYI,,,,,"{'Score': 31, 'Mention': 1, 'Subreddit': 'stocks'}",,
ECV,,,,,"{'Score': 31, 'Mention': 1, 'Subreddit': 'stocks'}",,
VER,,,,,"{'Score': 31, 'Mention': 1, 'Subreddit': 'stocks'}",,
CIG,,,,,"{'Score': 31, 'Mention': 1, 'Subreddit': 'stocks'}",,
FND,,,,,"{'Score': 31, 'Mention': 1, 'Subreddit': 'stocks'}",,
NZD,,,,,"{'Score': 31, 'Mention': 1, 'Subreddit': 'stocks'}",,
XTSLA,,,,,"{'Score': 31, 'Mention': 1, 'Subreddit': 'stocks'}",,
INE,,,,,"{'Score': 31, 'Mention': 1, 'Subreddit': 'stocks'}",,
SOLAR,,,,,"{'Score': 31, 'Mention': 1, 'Subreddit': 'stocks'}",,
EMINI,,,,,"{'Score': 31, 'Mention': 1, 'Subreddit': 'stocks'}",,
SBRCY,,,,,"{'Score': 5, 'Mention': 1, 'Subreddit': 'stocks'}",,
GAAP,,,,,"{'Score': 609, 'Mention': 1, 'Subreddit': 'stocks'}",,"{'Score': 220, 'Mention': 2, 'Subreddit': 'wallstreetbets'}"
TESLA,,,,,"{'Score': 4, 'Mention': 1, 'Subreddit': 'stocks'}",,
FSD,,,,,"{'Score': 4, 'Mention': 1, 'Subreddit': 'stocks'}",,
ECB,,,,,"{'Score': 11, 'Mention': 1, 'Subreddit': 'stocks'}","{'Score': 9, 'Mention': 1, 'Subreddit': 'investing'}",
DAX,,,,,"{'Score': 11, 'Mention': 1, 'Subreddit': 'stocks'}",,
MITSF,,,,,"{'Score': 4, 'Mention': 1, 'Subreddit': 'stocks'}",,
MITSY,,,,,"{'Score': 4, 'Mention': 1, 'Subreddit': 'stocks'}",,
WVAGY,,,,,"{'Score': 7, 'Mention': 1, 'Subreddit': 'stocks'}",,
FOREX,,,,,"{'Score': 6, 'Mention': 1, 'Subreddit': 'stocks'}",,
LOSS,,,,,"{'Score': 6, 'Mention': 1, 'Subreddit': 'stocks'}",,"{'Score': 61, 'Mention': 1, 'Subreddit': 'wallstreetbets'}"
ABC,,,,,"{'Score': 4, 'Mention': 1, 'Subreddit': 'stocks'}",,
GPS,,,,,"{'Score': 4, 'Mention': 1, 'Subreddit': 'stocks'}",,
SEN,,,,,"{'Score': 7, 'Mention': 1, 'Subreddit': 'stocks'}",,
CLVR,,,,,"{'Score': 6, 'Mention': 1, 'Subreddit': 'stocks'}",,
IRL,,,,,"{'Score': 78, 'Mention': 1, 'Subreddit': 'stocks'}",,
ICE,,,,,,"{'Score': 9, 'Mention': 1, 'Subreddit': 'investing'}",
GBTC,,,,,,"{'Score': 19, 'Mention': 2, 'Subreddit': 'investing'}",
NDX,,,,,,"{'Score': 9, 'Mention': 1, 'Subreddit': 'investing'}",
BTCX,,,,,,"{'Score': 10, 'Mention': 1, 'Subreddit': 'investing'}",
AUM,,,,,,"{'Score': 10, 'Mention': 1, 'Subreddit': 'investing'}",
BTCC,,,,,,"{'Score': 10, 'Mention': 1, 'Subreddit': 'investing'}",
FAQ,,,,,,"{'Score': 25, 'Mention': 2, 'Subreddit': 'investing'}",
ZDGE,,,,,,"{'Score': 13, 'Mention': 1, 'Subreddit': 'investing'}",
MKTY,,,,,,"{'Score': 15, 'Mention': 1, 'Subreddit': 'investing'}",
CPI,,,,,,"{'Score': 19, 'Mention': 1, 'Subreddit': 'investing'}",
TOPIX,,,,,,"{'Score': 29, 'Mention': 1, 'Subreddit': 'investing'}",
WDI,,,,,,"{'Score': 29, 'Mention': 1, 'Subreddit': 'investing'}",
MOASS,,,,,,,"{'Score': 5, 'Mention': 1, 'Subreddit': 'wallstreetbets'}"
CNH,,,,,,,"{'Score': 4, 'Mention': 1, 'Subreddit': 'wallstreetbets'}"
SLNG,,,,,,,"{'Score': 4, 'Mention': 1, 'Subreddit': 'wallstreetbets'}"
VIACA,,,,,,,"{'Score': 130, 'Mention': 4, 'Subreddit': 'wallstreetbets'}"
MOON,,,,,,,"{'Score': 1370, 'Mention': 4, 'Subreddit': 'wallstreetbets'}"
CRSR,,,,,,,"{'Score': 17, 'Mention': 2, 'Subreddit': 'wallstreetbets'}"
AGAIN,,,,,,,"{'Score': 5, 'Mention': 1, 'Subreddit': 'wallstreetbets'}"
BEAT,,,,,,,"{'Score': 25, 'Mention': 2, 'Subreddit': 'wallstreetbets'}"
LEAPS,,,,,,,"{'Score': 29, 'Mention': 2, 'Subreddit': 'wallstreetbets'}"
LESS,,,,,,,"{'Score': 17, 'Mention': 2, 'Subreddit': 'wallstreetbets'}"
ALLY,,,,,,,"{'Score': 11, 'Mention': 1, 'Subreddit': 'wallstreetbets'}"
CAGR,,,,,,,"{'Score': 11, 'Mention': 1, 'Subreddit': 'wallstreetbets'}"
SUCKS,,,,,,,"{'Score': 11, 'Mention': 1, 'Subreddit': 'wallstreetbets'}"
CDC,,,,,,,"{'Score': 11, 'Mention': 1, 'Subreddit': 'wallstreetbets'}"
DGX,,,,,,,"{'Score': 11, 'Mention': 1, 'Subreddit': 'wallstreetbets'}"
THAN,,,,,,,"{'Score': 11, 'Mention': 1, 'Subreddit': 'wallstreetbets'}"
HALF,,,,,,,"{'Score': 11, 'Mention': 1, 'Subreddit': 'wallstreetbets'}"
AVOID,,,,,,,"{'Score': 11, 'Mention': 1, 'Subreddit': 'wallstreetbets'}"
GILTI,,,,,,,"{'Score': 14, 'Mention': 1, 'Subreddit': 'wallstreetbets'}"
FDII,,,,,,,"{'Score': 14, 'Mention': 1, 'Subreddit': 'wallstreetbets'}"
PUTS,,,,,,,"{'Score': 14, 'Mention': 1, 'Subreddit': 'wallstreetbets'}"
GLD,,,,,,,"{'Score': 14, 'Mention': 1, 'Subreddit': 'wallstreetbets'}"
FED,,,,,,,"{'Score': 439, 'Mention': 2, 'Subreddit': 'wallstreetbets'}"
DEC,,,,,,,"{'Score': 14, 'Mention': 1, 'Subreddit': 'wallstreetbets'}"
TLT,,,,,,,"{'Score': 14, 'Mention': 1, 'Subreddit': 'wallstreetbets'}"
SHORT,,,,,,,"{'Score': 59, 'Mention': 2, 'Subreddit': 'wallstreetbets'}"
LOVES,,,,,,,"{'Score': 14, 'Mention': 1, 'Subreddit': 'wallstreetbets'}"
NONE,,,,,,,"{'Score': 14, 'Mention': 1, 'Subreddit': 'wallstreetbets'}"
BAML,,,,,,,"{'Score': 14, 'Mention': 1, 'Subreddit': 'wallstreetbets'}"
LEAST,,,,,,,"{'Score': 14, 'Mention': 1, 'Subreddit': 'wallstreetbets'}"
ASO,,,,,,,"{'Score': 223, 'Mention': 7, 'Subreddit': 'wallstreetbets'}"
CCGID,,,,,,,"{'Score': 6, 'Mention': 1, 'Subreddit': 'wallstreetbets'}"
MOLY,,,,,,,"{'Score': 2750, 'Mention': 1, 'Subreddit': 'wallstreetbets'}"
HOLY,,,,,,,"{'Score': 2750, 'Mention': 1, 'Subreddit': 'wallstreetbets'}"
UEM,,,,,,,"{'Score': 66, 'Mention': 1, 'Subreddit': 'wallstreetbets'}"
ODDS,,,,,,,"{'Score': 1119, 'Mention': 1, 'Subreddit': 'wallstreetbets'}"
FAR,,,,,,,"{'Score': 1119, 'Mention': 1, 'Subreddit': 'wallstreetbets'}"
TELL,,,,,,,"{'Score': 1119, 'Mention': 1, 'Subreddit': 'wallstreetbets'}"
EPI,,,,,,,"{'Score': 16, 'Mention': 1, 'Subreddit': 'wallstreetbets'}"
FUN,,,,,,,"{'Score': 23, 'Mention': 1, 'Subreddit': 'wallstreetbets'}"
PBM,,,,,,,"{'Score': 51, 'Mention': 1, 'Subreddit': 'wallstreetbets'}"
CVS,,,,,,,"{'Score': 51, 'Mention': 1, 'Subreddit': 'wallstreetbets'}"
JPM,,,,,,,"{'Score': 51, 'Mention': 1, 'Subreddit': 'wallstreetbets'}"
POST,,,,,,,"{'Score': 492, 'Mention': 2, 'Subreddit': 'wallstreetbets'}"
NOTE,,,,,,,"{'Score': 67, 'Mention': 1, 'Subreddit': 'wallstreetbets'}"
LFG,,,,,,,"{'Score': 81, 'Mention': 1, 'Subreddit': 'wallstreetbets'}"
CRAZY,,,,,,,"{'Score': 425, 'Mention': 1, 'Subreddit': 'wallstreetbets'}"
THEIR,,,,,,,"{'Score': 425, 'Mention': 1, 'Subreddit': 'wallstreetbets'}"
WANT,,,,,,,"{'Score': 425, 'Mention': 1, 'Subreddit': 'wallstreetbets'}"
LOWER,,,,,,,"{'Score': 425, 'Mention': 1, 'Subreddit': 'wallstreetbets'}"
WAY,,,,,,,"{'Score': 425, 'Mention': 1, 'Subreddit': 'wallstreetbets'}"
FOMC,,,,,,,"{'Score': 425, 'Mention': 1, 'Subreddit': 'wallstreetbets'}"
SPXL,,,,,,,"{'Score': 34, 'Mention': 1, 'Subreddit': 'wallstreetbets'}"
TED,,,,,,,"{'Score': 34, 'Mention': 1, 'Subreddit': 'wallstreetbets'}"
RKT,,,,,,,"{'Score': 858, 'Mention': 9, 'Subreddit': 'wallstreetbets'}"
LETS,,,,,,,"{'Score': 35, 'Mention': 1, 'Subreddit': 'wallstreetbets'}"
GETS,,,,,,,"{'Score': 35, 'Mention': 1, 'Subreddit': 'wallstreetbets'}"
EVEN,,,,,,,"{'Score': 35, 'Mention': 1, 'Subreddit': 'wallstreetbets'}"
BRAIN,,,,,,,"{'Score': 20, 'Mention': 1, 'Subreddit': 'wallstreetbets'}"
CRSP,,,,,,,"{'Score': 85, 'Mention': 2, 'Subreddit': 'wallstreetbets'}"
CRISP,,,,,,,"{'Score': 20, 'Mention': 1, 'Subreddit': 'wallstreetbets'}"
APES,,,,,,,"{'Score': 20, 'Mention': 1, 'Subreddit': 'wallstreetbets'}"
NTLA,,,,,,,"{'Score': 20, 'Mention': 1, 'Subreddit': 'wallstreetbets'}"
PNW,,,,,,,"{'Score': 16, 'Mention': 1, 'Subreddit': 'wallstreetbets'}"
EVER,,,,,,,"{'Score': 16, 'Mention': 1, 'Subreddit': 'wallstreetbets'}"
LOVE,,,,,,,"{'Score': 16, 'Mention': 1, 'Subreddit': 'wallstreetbets'}"
PCG,,,,,,,"{'Score': 16, 'Mention': 1, 'Subreddit': 'wallstreetbets'}"
COUR,,,,,,,"{'Score': 31, 'Mention': 1, 'Subreddit': 'wallstreetbets'}"
MSR,,,,,,,"{'Score': 86, 'Mention': 1, 'Subreddit': 'wallstreetbets'}"
UWMC,,,,,,,"{'Score': 231, 'Mention': 3, 'Subreddit': 'wallstreetbets'}"
CCHWF,,,,,,,"{'Score': 17, 'Mention': 1, 'Subreddit': 'wallstreetbets'}"
FDSO,,,,,,,"{'Score': 17, 'Mention': 1, 'Subreddit': 'wallstreetbets'}"
SAFE,,,,,,,"{'Score': 484, 'Mention': 3, 'Subreddit': 'wallstreetbets'}"
NYC,,,,,,,"{'Score': 17, 'Mention': 1, 'Subreddit': 'wallstreetbets'}"
NEO,,,,,,,"{'Score': 17, 'Mention': 1, 'Subreddit': 'wallstreetbets'}"
CCHW,,,,,,,"{'Score': 17, 'Mention': 1, 'Subreddit': 'wallstreetbets'}"
DJI,,,,,,,"{'Score': 1481, 'Mention': 1, 'Subreddit': 'wallstreetbets'}"
THEM,,,,,,,"{'Score': 49, 'Mention': 1, 'Subreddit': 'wallstreetbets'}"
GIMME,,,,,,,"{'Score': 49, 'Mention': 1, 'Subreddit': 'wallstreetbets'}"
CLICK,,,,,,,"{'Score': 49, 'Mention': 1, 'Subreddit': 'wallstreetbets'}"
ABCL,,,,,,,"{'Score': 32, 'Mention': 2, 'Subreddit': 'wallstreetbets'}"
SWING,,,,,,,"{'Score': 23, 'Mention': 1, 'Subreddit': 'wallstreetbets'}"
CBS,,,,,,,"{'Score': 23, 'Mention': 1, 'Subreddit': 'wallstreetbets'}"
TRADE,,,,,,,"{'Score': 23, 'Mention': 1, 'Subreddit': 'wallstreetbets'}"
FNMA,,,,,,,"{'Score': 13, 'Mention': 1, 'Subreddit': 'wallstreetbets'}"
FMCC,,,,,,,"{'Score': 13, 'Mention': 1, 'Subreddit': 'wallstreetbets'}"
UWM,,,,,,,"{'Score': 89, 'Mention': 2, 'Subreddit': 'wallstreetbets'}"
BEST,,,,,,,"{'Score': 58, 'Mention': 1, 'Subreddit': 'wallstreetbets'}"
APR,,,,,,,"{'Score': 58, 'Mention': 1, 'Subreddit': 'wallstreetbets'}"
UNFI,,,,,,,"{'Score': 15, 'Mention': 1, 'Subreddit': 'wallstreetbets'}"
CFD,,,,,,,"{'Score': 459, 'Mention': 1, 'Subreddit': 'wallstreetbets'}"
ACM,,,,,,,"{'Score': 459, 'Mention': 1, 'Subreddit': 'wallstreetbets'}"
XXII,,,,,,,"{'Score': 15, 'Mention': 1, 'Subreddit': 'wallstreetbets'}"
RBC,,,,,,,"{'Score': 138, 'Mention': 1, 'Subreddit': 'wallstreetbets'}"
CALX,,,,,,,"{'Score': 6, 'Mention': 1, 'Subreddit': 'wallstreetbets'}"
DST,,,,,,,"{'Score': 71, 'Mention': 1, 'Subreddit': 'wallstreetbets'}"
ROOT,,,,,,,"{'Score': 71, 'Mention': 1, 'Subreddit': 'wallstreetbets'}"
TRON,,,,,,,"{'Score': 71, 'Mention': 1, 'Subreddit': 'wallstreetbets'}"
MELI,,,,,,,"{'Score': 71, 'Mention': 1, 'Subreddit': 'wallstreetbets'}"
LMND,,,,,,,"{'Score': 71, 'Mention': 1, 'Subreddit': 'wallstreetbets'}"
SHIP,,,,,,,"{'Score': 61, 'Mention': 1, 'Subreddit': 'wallstreetbets'}"
DIP,,,,,,,"{'Score': 61, 'Mention': 1, 'Subreddit': 'wallstreetbets'}"
PORN,,,,,,,"{'Score': 61, 'Mention': 1, 'Subreddit': 'wallstreetbets'}"
SSO,,,,,,,"{'Score': 27, 'Mention': 1, 'Subreddit': 'wallstreetbets'}"
MPDV,,,,,,,"{'Score': 94, 'Mention': 1, 'Subreddit': 'wallstreetbets'}"
CTO,,,,,,,"{'Score': 94, 'Mention': 1, 'Subreddit': 'wallstreetbets'}"
GOEV,,,,,,,"{'Score': 94, 'Mention': 1, 'Subreddit': 'wallstreetbets'}"
HCAC,,,,,,,"{'Score': 94, 'Mention': 1, 'Subreddit': 'wallstreetbets'}"
GOEVW,,,,,,,"{'Score': 94, 'Mention': 1, 'Subreddit': 'wallstreetbets'}"
YEXT,,,,,,,"{'Score': 8, 'Mention': 1, 'Subreddit': 'wallstreetbets'}"
OEM,,,,,,,"{'Score': 131, 'Mention': 1, 'Subreddit': 'wallstreetbets'}"
GANG,,,,,,,"{'Score': 293, 'Mention': 1, 'Subreddit': 'wallstreetbets'}"
VZIO,,,,,,,"{'Score': 68, 'Mention': 1, 'Subreddit': 'wallstreetbets'}"
PRLB,,,,,,,"{'Score': 12, 'Mention': 1, 'Subreddit': 'wallstreetbets'}"
TAM,,,,,,,"{'Score': 12, 'Mention': 1, 'Subreddit': 'wallstreetbets'}"
PETA,,,,,,,"{'Score': 45, 'Mention': 1, 'Subreddit': 'wallstreetbets'}"
WILLY,,,,,,,"{'Score': 45, 'Mention': 1, 'Subreddit': 'wallstreetbets'}"
WHALE,,,,,,,"{'Score': 45, 'Mention': 1, 'Subreddit': 'wallstreetbets'}"
QUICK,,,,,,,"{'Score': 45, 'Mention': 1, 'Subreddit': 'wallstreetbets'}"
WHAT,,,,,,,"{'Score': 45, 'Mention': 1, 'Subreddit': 'wallstreetbets'}"
SEAS,,,,,,,"{'Score': 45, 'Mention': 1, 'Subreddit': 'wallstreetbets'}"
AAL,,,,,,,"{'Score': 38, 'Mention': 1, 'Subreddit': 'wallstreetbets'}"
USCR,,,,,,,"{'Score': 151, 'Mention': 1, 'Subreddit': 'wallstreetbets'}"
HIMX,,,,,,,"{'Score': 13, 'Mention': 1, 'Subreddit': 'wallstreetbets'}"
EOW,,,,,,,"{'Score': 717, 'Mention': 1, 'Subreddit': 'wallstreetbets'}"
GUH,,,,,,,"{'Score': 246, 'Mention': 1, 'Subreddit': 'wallstreetbets'}"
BTFD,,,,,,,"{'Score': 246, 'Mention': 1, 'Subreddit': 'wallstreetbets'}"
AIR,,,,,,,"{'Score': 24, 'Mention': 1, 'Subreddit': 'wallstreetbets'}"
LINES,,,,,,,"{'Score': 24, 'Mention': 1, 'Subreddit': 'wallstreetbets'}"
DELTA,,,,,,,"{'Score': 24, 'Mention': 1, 'Subreddit': 'wallstreetbets'}"
HUMAN,,,,,,,"{'Score': 65, 'Mention': 1, 'Subreddit': 'wallstreetbets'}"
AGING,,,,,,,"{'Score': 65, 'Mention': 1, 'Subreddit': 'wallstreetbets'}"
HIV,,,,,,,"{'Score': 65, 'Mention': 1, 'Subreddit': 'wallstreetbets'}"
RNA,,,,,,,"{'Score': 65, 'Mention': 1, 'Subreddit': 'wallstreetbets'}"
RALLY,,,,,,,"{'Score': 301, 'Mention': 1, 'Subreddit': 'wallstreetbets'}"
USPS,,,,,,,"{'Score': 130, 'Mention': 1, 'Subreddit': 'wallstreetbets'}"
MSTR,,,,,,,"{'Score': 10, 'Mention': 1, 'Subreddit': 'wallstreetbets'}"
CCJ,,,,,,,"{'Score': 86, 'Mention': 2, 'Subreddit': 'wallstreetbets'}"
LMT,,,,,,,"{'Score': 60, 'Mention': 1, 'Subreddit': 'wallstreetbets'}"
SPACE,,,,,,,"{'Score': 60, 'Mention': 1, 'Subreddit': 'wallstreetbets'}"
ATK,,,,,,,"{'Score': 60, 'Mention': 1, 'Subreddit': 'wallstreetbets'}"
LHX,,,,,,,"{'Score': 60, 'Mention': 1, 'Subreddit': 'wallstreetbets'}"
MAXR,,,,,,,"{'Score': 60, 'Mention': 1, 'Subreddit': 'wallstreetbets'}"
NOC,,,,,,,"{'Score': 60, 'Mention': 1, 'Subreddit': 'wallstreetbets'}"
KTOS,,,,,,,"{'Score': 60, 'Mention': 1, 'Subreddit': 'wallstreetbets'}"
USG,,,,,,,"{'Score': 60, 'Mention': 1, 'Subreddit': 'wallstreetbets'}"
FOLD,,,,,,,"{'Score': 54, 'Mention': 1, 'Subreddit': 'wallstreetbets'}"
TME,,,,,,,"{'Score': 54, 'Mention': 1, 'Subreddit': 'wallstreetbets'}"
BIDU,,,,,,,"{'Score': 54, 'Mention': 1, 'Subreddit': 'wallstreetbets'}"
FTCH,,,,,,,"{'Score': 54, 'Mention': 1, 'Subreddit': 'wallstreetbets'}"
WFC,,,,,,,"{'Score': 54, 'Mention': 1, 'Subreddit': 'wallstreetbets'}"
WMT,,,,,,,"{'Score': 30, 'Mention': 1, 'Subreddit': 'wallstreetbets'}"
MTV,,,,,,,"{'Score': 35, 'Mention': 1, 'Subreddit': 'wallstreetbets'}"
OWN,,,,,,,"{'Score': 35, 'Mention': 1, 'Subreddit': 'wallstreetbets'}"
SNL,,,,,,,"{'Score': 35, 'Mention': 1, 'Subreddit': 'wallstreetbets'}"
RUNS,,,,,,,"{'Score': 35, 'Mention': 1, 'Subreddit': 'wallstreetbets'}"
KEY,,,,,,,"{'Score': 3869, 'Mention': 1, 'Subreddit': 'wallstreetbets'}"
GOT,,,,,,,"{'Score': 3869, 'Mention': 1, 'Subreddit': 'wallstreetbets'}"
LOOK,,,,,,,"{'Score': 3869, 'Mention': 1, 'Subreddit': 'wallstreetbets'}"
BAM,,,,,,,"{'Score': 3869, 'Mention': 1, 'Subreddit': 'wallstreetbets'}"
DAMN,,,,,,,"{'Score': 3869, 'Mention': 1, 'Subreddit': 'wallstreetbets'}"
AKA,,,,,,,"{'Score': 20, 'Mention': 1, 'Subreddit': 'wallstreetbets'}"
DIY,,,,,,,"{'Score': 20, 'Mention': 1, 'Subreddit': 'wallstreetbets'}"
